-- --------------------------------------------------------
-- Host:                         ovotest.mooo.com
-- Versi贸n del servidor:         10.11.13-MariaDB-0ubuntu0.24.04.1 - Ubuntu 24.04
-- SO del servidor:              debian-linux-gnu
-- HeidiSQL Versi贸n:             12.6.0.6765
-- --------------------------------------------------------

/*!40101 SET @OLD_CHARACTER_SET_CLIENT=@@CHARACTER_SET_CLIENT */;
/*!40101 SET NAMES utf8 */;
/*!50503 SET NAMES utf8mb4 */;
/*!40103 SET @OLD_TIME_ZONE=@@TIME_ZONE */;
/*!40103 SET TIME_ZONE='+00:00' */;
/*!40014 SET @OLD_FOREIGN_KEY_CHECKS=@@FOREIGN_KEY_CHECKS, FOREIGN_KEY_CHECKS=0 */;
/*!40101 SET @OLD_SQL_MODE=@@SQL_MODE, SQL_MODE='NO_AUTO_VALUE_ON_ZERO' */;
/*!40111 SET @OLD_SQL_NOTES=@@SQL_NOTES, SQL_NOTES=0 */;


-- Volcando estructura de base de datos para ovo
CREATE DATABASE IF NOT EXISTS `ovo` /*!40100 DEFAULT CHARACTER SET utf8mb4 COLLATE utf8mb4_general_ci */;
USE `ovo`;

-- Volcando estructura para tabla ovo.aptitud
CREATE TABLE IF NOT EXISTS `aptitud` (
  `idAptitud` int(11) NOT NULL AUTO_INCREMENT,
  `nombreAptitud` varchar(50) DEFAULT NULL,
  `descripcion` varchar(50) DEFAULT NULL,
  `fechaAlta` datetime NOT NULL DEFAULT current_timestamp(),
  `fechaBaja` datetime DEFAULT NULL,
  PRIMARY KEY (`idAptitud`)
) ENGINE=InnoDB AUTO_INCREMENT=4 DEFAULT CHARSET=utf8mb4 COLLATE=utf8mb4_general_ci;

-- Volcando datos para la tabla ovo.aptitud: ~3 rows (aproximadamente)
INSERT INTO `aptitud` (`idAptitud`, `nombreAptitud`, `descripcion`, `fechaAlta`, `fechaBaja`) VALUES
	(1, 'Comunicaci贸n', 'Habilidad para transmitir ideas', '2025-09-09 14:36:35', '2025-09-09 14:37:08'),
	(2, 'Trabajo en Grupo', 'Capacidad para trabajar en grupo', '2025-09-16 17:18:43', NULL),
	(3, 'd', 'd', '2025-09-16 17:19:10', '2025-09-16 17:19:11');

-- Volcando estructura para tabla ovo.aptitudcarrera
CREATE TABLE IF NOT EXISTS `aptitudcarrera` (
  `idAptitudCarrera` int(11) NOT NULL AUTO_INCREMENT,
  `afinidadCarrera` double DEFAULT NULL,
  `idAptitud` int(11) DEFAULT NULL,
  `idCarreraInstitucion` int(11) DEFAULT NULL,
  PRIMARY KEY (`idAptitudCarrera`),
  KEY `FK_aptitudcarrera_aptitud` (`idAptitud`),
  KEY `FK_aptitudcarrera_carrera` (`idCarreraInstitucion`),
  CONSTRAINT `FK_aptitudcarrera_aptitud` FOREIGN KEY (`idAptitud`) REFERENCES `aptitud` (`idAptitud`) ON DELETE CASCADE ON UPDATE CASCADE,
  CONSTRAINT `FK_aptitudcarrera_carrerainstitucion` FOREIGN KEY (`idCarreraInstitucion`) REFERENCES `carrerainstitucion` (`idCarreraInstitucion`) ON DELETE CASCADE ON UPDATE CASCADE
) ENGINE=InnoDB DEFAULT CHARSET=utf8mb4 COLLATE=utf8mb4_general_ci;

-- Volcando datos para la tabla ovo.aptitudcarrera: ~0 rows (aproximadamente)

-- Volcando estructura para tabla ovo.backup
CREATE TABLE IF NOT EXISTS `backup` (
  `fechaBackup` datetime DEFAULT NULL,
  `directorio` varchar(50) DEFAULT NULL,
  `tamano` double DEFAULT NULL
) ENGINE=InnoDB DEFAULT CHARSET=utf8mb4 COLLATE=utf8mb4_general_ci;

-- Volcando datos para la tabla ovo.backup: ~0 rows (aproximadamente)

-- Volcando estructura para tabla ovo.carrera
CREATE TABLE IF NOT EXISTS `carrera` (
  `idCarrera` int(11) NOT NULL AUTO_INCREMENT,
  `fechaFin` datetime DEFAULT NULL,
  `nombreCarrera` varchar(50) DEFAULT NULL,
  `idTipoCarrera` int(11) DEFAULT NULL,
  PRIMARY KEY (`idCarrera`),
  KEY `FK_carrera_tipocarrera` (`idTipoCarrera`),
  CONSTRAINT `FK_carrera_tipocarrera` FOREIGN KEY (`idTipoCarrera`) REFERENCES `tipocarrera` (`idTipoCarrera`) ON UPDATE CASCADE
) ENGINE=InnoDB AUTO_INCREMENT=5 DEFAULT CHARSET=utf8mb4 COLLATE=utf8mb4_general_ci;

-- Volcando datos para la tabla ovo.carrera: ~4 rows (aproximadamente)
INSERT INTO `carrera` (`idCarrera`, `fechaFin`, `nombreCarrera`, `idTipoCarrera`) VALUES
	(1, NULL, 'Ing. X Modificada', 2),
	(2, NULL, 'Sistemass', 9),
	(3, '2025-09-16 17:09:24', 'HOLA', 10),
	(4, NULL, 'licenciatura en informatica 2', 9);

-- Volcando estructura para tabla ovo.carrerainstitucion
CREATE TABLE IF NOT EXISTS `carrerainstitucion` (
  `idCarreraInstitucion` int(11) NOT NULL AUTO_INCREMENT,
  `idEstadoCarreraInstitucion` int(11) NOT NULL,
  `idCarrera` int(11) DEFAULT NULL,
  `idModalidadCarreraInstitucion` int(11) NOT NULL,
  `idInstitucion` int(11) DEFAULT NULL,
  `cantidadMaterias` int(11) NOT NULL,
  `duracionCarrera` decimal(20,2) NOT NULL,
  `fechaInicio` datetime NOT NULL DEFAULT current_timestamp(),
  `horasCursado` int(11) NOT NULL,
  `observaciones` varchar(500) NOT NULL,
  `nombreCarrera` varchar(50) NOT NULL,
  `tituloCarrera` varchar(50) NOT NULL,
  `montoCuota` decimal(20,2) NOT NULL,
  `fechaFin` datetime DEFAULT NULL,
  PRIMARY KEY (`idCarreraInstitucion`),
  KEY `FK_carrerainstitucion_estadocarrerainstitucion` (`idEstadoCarreraInstitucion`),
  KEY `FK_carrerainstitucion_carrera` (`idCarrera`),
  KEY `FK_carrerainstitucion_modalidadcarrerainstitucion` (`idModalidadCarreraInstitucion`),
  KEY `FK_carrerainstitucion_institucion` (`idInstitucion`),
  CONSTRAINT `FK_carrerainstitucion_carrera` FOREIGN KEY (`idCarrera`) REFERENCES `carrera` (`idCarrera`) ON DELETE SET NULL ON UPDATE CASCADE,
  CONSTRAINT `FK_carrerainstitucion_estadocarrerainstitucion` FOREIGN KEY (`idEstadoCarreraInstitucion`) REFERENCES `estadocarrerainstitucion` (`idEstadoCarreraInstitucion`) ON UPDATE CASCADE,
  CONSTRAINT `FK_carrerainstitucion_institucion` FOREIGN KEY (`idInstitucion`) REFERENCES `institucion` (`idInstitucion`) ON DELETE CASCADE ON UPDATE CASCADE,
  CONSTRAINT `FK_carrerainstitucion_modalidadcarrerainstitucion` FOREIGN KEY (`idModalidadCarreraInstitucion`) REFERENCES `modalidadcarrerainstitucion` (`idModalidadCarreraInstitucion`) ON UPDATE CASCADE
) ENGINE=InnoDB AUTO_INCREMENT=6 DEFAULT CHARSET=utf8mb4 COLLATE=utf8mb4_general_ci;

-- Volcando datos para la tabla ovo.carrerainstitucion: ~4 rows (aproximadamente)
INSERT INTO `carrerainstitucion` (`idCarreraInstitucion`, `idEstadoCarreraInstitucion`, `idCarrera`, `idModalidadCarreraInstitucion`, `idInstitucion`, `cantidadMaterias`, `duracionCarrera`, `fechaInicio`, `horasCursado`, `observaciones`, `nombreCarrera`, `tituloCarrera`, `montoCuota`, `fechaFin`) VALUES
	(1, 1, 1, 3, 1, 123, 5.00, '2025-09-14 00:00:00', 123, 'Muy buena opcion', 'Ingenieria electronica', 'electronico', 123.00, NULL),
	(2, 1, 1, 2, 1, 60, 4.00, '2002-02-02 00:00:00', 500, 'Observacion 2', 'Ingenieria Civil', 'Ingenieria Civil', 12.00, NULL),
	(3, 1, 2, 3, 1, 48, 5.00, '2020-01-01 00:00:00', 3500, 'TEST 123123', 'Ingeneria en sistemas', 'ingeniero en sistemas', 0.00, NULL),
	(5, 1, 2, 6, 31, 50, 5.00, '2025-01-14 00:00:00', 150, 's', 'Tecnicatura Sistemas', 'Tecnico en sistemas', 0.00, NULL);

-- Volcando estructura para tabla ovo.categoriapermiso
CREATE TABLE IF NOT EXISTS `categoriapermiso` (
  `idCategoriaPermiso` int(11) NOT NULL AUTO_INCREMENT,
  `nombreCategoriaPermiso` varchar(50) NOT NULL,
  PRIMARY KEY (`idCategoriaPermiso`)
) ENGINE=InnoDB AUTO_INCREMENT=2 DEFAULT CHARSET=utf8mb4 COLLATE=utf8mb4_general_ci;

-- Volcando datos para la tabla ovo.categoriapermiso: ~0 rows (aproximadamente)
INSERT INTO `categoriapermiso` (`idCategoriaPermiso`, `nombreCategoriaPermiso`) VALUES
	(1, 'Gestionar Usuarios');

-- Volcando estructura para tabla ovo.configuracionbackup
CREATE TABLE IF NOT EXISTS `configuracionbackup` (
  `frecuencia` varchar(50) DEFAULT NULL,
  `horaEjecucion` time DEFAULT NULL,
  `cantidadBackupConservar` int(11) DEFAULT NULL
) ENGINE=InnoDB DEFAULT CHARSET=utf8mb4 COLLATE=utf8mb4_general_ci;

-- Volcando datos para la tabla ovo.configuracionbackup: ~0 rows (aproximadamente)

-- Volcando estructura para tabla ovo.contenidomultimedia
CREATE TABLE IF NOT EXISTS `contenidomultimedia` (
  `idContenidoMultimedia` int(11) NOT NULL AUTO_INCREMENT,
  `enlace` varchar(50) DEFAULT NULL,
  `fechaFin` datetime DEFAULT NULL,
  `fechaInicio` datetime NOT NULL DEFAULT current_timestamp(),
  `titulo` varchar(50) DEFAULT NULL,
  `descripcion` varchar(50) DEFAULT NULL,
  `idCarreraInstitucion` int(11) DEFAULT NULL,
  PRIMARY KEY (`idContenidoMultimedia`),
  KEY `FK_contenidomultimedia_carrerainstitucion` (`idCarreraInstitucion`),
  CONSTRAINT `FK_contenidomultimedia_carrerainstitucion` FOREIGN KEY (`idCarreraInstitucion`) REFERENCES `carrerainstitucion` (`idCarreraInstitucion`) ON DELETE CASCADE ON UPDATE CASCADE
) ENGINE=InnoDB AUTO_INCREMENT=6 DEFAULT CHARSET=utf8mb4 COLLATE=utf8mb4_general_ci;

-- Volcando datos para la tabla ovo.contenidomultimedia: ~4 rows (aproximadamente)
INSERT INTO `contenidomultimedia` (`idContenidoMultimedia`, `enlace`, `fechaFin`, `fechaInicio`, `titulo`, `descripcion`, `idCarreraInstitucion`) VALUES
	(1, '849489', '2025-10-13 18:52:34', '2025-09-27 20:12:09', 'asdasd', 'asdasd', 1),
	(3, 'https://github.com/', NULL, '2025-10-13 18:52:46', 'Pagina externa', 'Referencia', 1),
	(4, 'https://www.youtube.com/watch?v=aDGVPHyCc8s', NULL, '2025-10-14 00:30:12', 'PRINCIPAL', 'Video introductorio', 1),
	(5, 'youtube.com', NULL, '2025-10-14 20:38:49', 'Video explicativo', 'interesante', 5);

-- Volcando estructura para tabla ovo.estadoacceso
CREATE TABLE IF NOT EXISTS `estadoacceso` (
  `idEstadoAcceso` int(11) NOT NULL AUTO_INCREMENT,
  `nombreEstadoAcceso` varchar(50) DEFAULT NULL,
  `fechaFin` datetime DEFAULT NULL,
  PRIMARY KEY (`idEstadoAcceso`)
) ENGINE=InnoDB AUTO_INCREMENT=5 DEFAULT CHARSET=utf8mb4 COLLATE=utf8mb4_general_ci;

-- Volcando datos para la tabla ovo.estadoacceso: ~4 rows (aproximadamente)
INSERT INTO `estadoacceso` (`idEstadoAcceso`, `nombreEstadoAcceso`, `fechaFin`) VALUES
	(1, 'Exitoso', NULL),
	(2, 'Fallido', NULL),
	(3, 'Fallido Google', NULL),
	(4, 'Bloqueado', NULL);

-- Volcando estructura para tabla ovo.estadocarrerainstitucion
CREATE TABLE IF NOT EXISTS `estadocarrerainstitucion` (
  `idEstadoCarreraInstitucion` int(11) NOT NULL AUTO_INCREMENT,
  `nombreEstadoCarreraInstitucion` varchar(50) DEFAULT NULL,
  `fechaFin` datetime DEFAULT NULL,
  PRIMARY KEY (`idEstadoCarreraInstitucion`)
) ENGINE=InnoDB AUTO_INCREMENT=7 DEFAULT CHARSET=utf8mb4 COLLATE=utf8mb4_general_ci;

-- Volcando datos para la tabla ovo.estadocarrerainstitucion: ~3 rows (aproximadamente)
INSERT INTO `estadocarrerainstitucion` (`idEstadoCarreraInstitucion`, `nombreEstadoCarreraInstitucion`, `fechaFin`) VALUES
	(1, 'Activa', NULL),
	(2, 'Inactiva', NULL),
	(3, 'Cerrada', NULL);

-- Volcando estructura para tabla ovo.estadoinstitucion
CREATE TABLE IF NOT EXISTS `estadoinstitucion` (
  `idEstadoInstitucion` int(11) NOT NULL AUTO_INCREMENT,
  `nombreEstadoInstitucion` varchar(50) DEFAULT NULL,
  `fechaFin` datetime DEFAULT NULL,
  PRIMARY KEY (`idEstadoInstitucion`)
) ENGINE=InnoDB AUTO_INCREMENT=6 DEFAULT CHARSET=utf8mb4 COLLATE=utf8mb4_general_ci;

-- Volcando datos para la tabla ovo.estadoinstitucion: ~4 rows (aproximadamente)
INSERT INTO `estadoinstitucion` (`idEstadoInstitucion`, `nombreEstadoInstitucion`, `fechaFin`) VALUES
	(1, 'Aprobada', NULL),
	(2, 'Rechazada', NULL),
	(3, 'Baja', NULL),
	(5, 'Pendiente', NULL);

-- Volcando estructura para tabla ovo.estadotest
CREATE TABLE IF NOT EXISTS `estadotest` (
  `idEstadoTest` int(11) NOT NULL AUTO_INCREMENT,
  `nombreEstadoTest` varchar(50) NOT NULL DEFAULT '',
  PRIMARY KEY (`idEstadoTest`)
) ENGINE=InnoDB AUTO_INCREMENT=3 DEFAULT CHARSET=utf8mb4 COLLATE=utf8mb4_general_ci;

-- Volcando datos para la tabla ovo.estadotest: ~2 rows (aproximadamente)
INSERT INTO `estadotest` (`idEstadoTest`, `nombreEstadoTest`) VALUES
	(1, 'Activo'),
	(2, 'Finalizado');

-- Volcando estructura para tabla ovo.estadousuario
CREATE TABLE IF NOT EXISTS `estadousuario` (
  `idEstadoUsuario` int(11) NOT NULL AUTO_INCREMENT,
  `nombreEstadoUsuario` varchar(50) DEFAULT NULL,
  `fechaFin` datetime DEFAULT NULL,
  PRIMARY KEY (`idEstadoUsuario`)
) ENGINE=InnoDB AUTO_INCREMENT=7 DEFAULT CHARSET=utf8mb4 COLLATE=utf8mb4_general_ci;

-- Volcando datos para la tabla ovo.estadousuario: ~5 rows (aproximadamente)
INSERT INTO `estadousuario` (`idEstadoUsuario`, `nombreEstadoUsuario`, `fechaFin`) VALUES
	(1, 'Activo', NULL),
	(2, 'Suspendido', NULL),
	(3, 'Baja', NULL),
	(4, 'Pendiente', NULL),
	(6, 'prueba', '2025-09-16 15:51:40');

-- Volcando estructura para tabla ovo.genero
CREATE TABLE IF NOT EXISTS `genero` (
  `idGenero` int(11) NOT NULL AUTO_INCREMENT,
  `nombreGenero` varchar(50) NOT NULL,
  PRIMARY KEY (`idGenero`)
) ENGINE=InnoDB AUTO_INCREMENT=5 DEFAULT CHARSET=utf8mb4 COLLATE=utf8mb4_general_ci;

-- Volcando datos para la tabla ovo.genero: ~2 rows (aproximadamente)
INSERT INTO `genero` (`idGenero`, `nombreGenero`) VALUES
	(1, 'Masculino'),
	(2, 'Femenino');

-- Volcando estructura para tabla ovo.grupo
CREATE TABLE IF NOT EXISTS `grupo` (
  `idGrupo` int(11) NOT NULL AUTO_INCREMENT,
  `nombreGrupo` varchar(50) DEFAULT NULL,
  `fechaFin` datetime DEFAULT NULL,
  `descripcion` varchar(50) DEFAULT NULL,
  PRIMARY KEY (`idGrupo`)
) ENGINE=InnoDB AUTO_INCREMENT=7 DEFAULT CHARSET=utf8mb4 COLLATE=utf8mb4_general_ci;

-- Volcando datos para la tabla ovo.grupo: ~6 rows (aproximadamente)
INSERT INTO `grupo` (`idGrupo`, `nombreGrupo`, `fechaFin`, `descripcion`) VALUES
	(1, 'Administrador', NULL, 'Grupo Administrativo, todos los permisos'),
	(2, 'Moderador', NULL, NULL),
	(3, 'Estudiante', NULL, NULL),
	(4, 'Institucion', NULL, NULL),
	(5, 'Supervisores', NULL, 'Grupo de supervisi贸n'),
	(6, 'nuevoRol', NULL, 'prueba');

-- Volcando estructura para tabla ovo.historialabm
CREATE TABLE IF NOT EXISTS `historialabm` (
  `idHistorialABM` int(11) NOT NULL AUTO_INCREMENT,
  `idUsuario` int(11) NOT NULL,
  `fechaHistorial` datetime NOT NULL DEFAULT current_timestamp(),
  `idTipoAccion` int(11) NOT NULL,
  `idModalidadCarreraInstitucion` int(11) DEFAULT NULL,
  `idLocalidad` int(11) DEFAULT NULL,
  `idGrupo` int(11) DEFAULT NULL,
  `idProvincia` int(11) DEFAULT NULL,
  `idPermiso` int(11) DEFAULT NULL,
  `idAptitud` int(11) DEFAULT NULL,
  `idPermisoGrupo` int(11) DEFAULT NULL,
  `idCarrera` int(11) DEFAULT NULL,
  `idEstadoAcceso` int(11) DEFAULT NULL,
  `idGenero` int(11) DEFAULT NULL,
  `idEstadoCarreraInstitucion` int(11) DEFAULT NULL,
  `idEstadoUsuario` int(11) DEFAULT NULL,
  `idPais` int(11) DEFAULT NULL,
  `idTipoInstitucion` int(11) DEFAULT NULL,
  `idTipoCarrera` int(11) DEFAULT NULL,
  PRIMARY KEY (`idHistorialABM`),
  KEY `FK_historialabm_tipoaccion` (`idTipoAccion`),
  KEY `FK_historialabm_modalidadcarrerainstitucion` (`idModalidadCarreraInstitucion`),
  KEY `FK_historialabm_localidad` (`idLocalidad`),
  KEY `FK_historialabm_grupo` (`idGrupo`),
  KEY `FK_historialabm_provincia` (`idProvincia`),
  KEY `FK_historialabm_permiso` (`idPermiso`),
  KEY `FK_historialabm_usuario` (`idUsuario`),
  KEY `FK_historialabm_aptitud` (`idAptitud`),
  KEY `FK_historialabm_permisogrupo` (`idPermisoGrupo`),
  KEY `FK_historialabm_carrera` (`idCarrera`),
  KEY `FK_historialabm_estadoacceso` (`idEstadoAcceso`),
  KEY `FK_historialabm_genero` (`idGenero`),
  KEY `FK_historialabm_estadocarrerainstitucion` (`idEstadoCarreraInstitucion`),
  KEY `FK_historialabm_estadousuario` (`idEstadoUsuario`),
  KEY `FK_historialabm_pais` (`idPais`),
  KEY `FK_historialabm_tipoinstitucion` (`idTipoInstitucion`),
  KEY `FK_historialabm_tipocarrera` (`idTipoCarrera`),
  CONSTRAINT `FK_historialabm_aptitud` FOREIGN KEY (`idAptitud`) REFERENCES `aptitud` (`idAptitud`) ON DELETE CASCADE ON UPDATE CASCADE,
  CONSTRAINT `FK_historialabm_carrera` FOREIGN KEY (`idCarrera`) REFERENCES `carrera` (`idCarrera`) ON DELETE CASCADE ON UPDATE CASCADE,
  CONSTRAINT `FK_historialabm_estadoacceso` FOREIGN KEY (`idEstadoAcceso`) REFERENCES `estadoacceso` (`idEstadoAcceso`) ON DELETE CASCADE ON UPDATE CASCADE,
  CONSTRAINT `FK_historialabm_estadocarrerainstitucion` FOREIGN KEY (`idEstadoCarreraInstitucion`) REFERENCES `estadocarrerainstitucion` (`idEstadoCarreraInstitucion`) ON DELETE CASCADE ON UPDATE CASCADE,
  CONSTRAINT `FK_historialabm_estadousuario` FOREIGN KEY (`idEstadoUsuario`) REFERENCES `estadousuario` (`idEstadoUsuario`) ON DELETE CASCADE ON UPDATE CASCADE,
  CONSTRAINT `FK_historialabm_genero` FOREIGN KEY (`idGenero`) REFERENCES `genero` (`idGenero`) ON DELETE CASCADE ON UPDATE CASCADE,
  CONSTRAINT `FK_historialabm_grupo` FOREIGN KEY (`idGrupo`) REFERENCES `grupo` (`idGrupo`) ON DELETE CASCADE ON UPDATE CASCADE,
  CONSTRAINT `FK_historialabm_localidad` FOREIGN KEY (`idLocalidad`) REFERENCES `localidad` (`idLocalidad`) ON DELETE CASCADE ON UPDATE CASCADE,
  CONSTRAINT `FK_historialabm_modalidadcarrerainstitucion` FOREIGN KEY (`idModalidadCarreraInstitucion`) REFERENCES `modalidadcarrerainstitucion` (`idModalidadCarreraInstitucion`) ON DELETE CASCADE ON UPDATE CASCADE,
  CONSTRAINT `FK_historialabm_pais` FOREIGN KEY (`idPais`) REFERENCES `pais` (`idPais`) ON DELETE CASCADE ON UPDATE CASCADE,
  CONSTRAINT `FK_historialabm_permiso` FOREIGN KEY (`idPermiso`) REFERENCES `permiso` (`idPermiso`) ON DELETE CASCADE ON UPDATE CASCADE,
  CONSTRAINT `FK_historialabm_permisogrupo` FOREIGN KEY (`idPermisoGrupo`) REFERENCES `permisogrupo` (`idPermisoGrupo`) ON DELETE CASCADE ON UPDATE CASCADE,
  CONSTRAINT `FK_historialabm_provincia` FOREIGN KEY (`idProvincia`) REFERENCES `provincia` (`idProvincia`) ON DELETE CASCADE ON UPDATE CASCADE,
  CONSTRAINT `FK_historialabm_tipoaccion` FOREIGN KEY (`idTipoAccion`) REFERENCES `tipoaccion` (`idTipoAccion`) ON DELETE CASCADE ON UPDATE CASCADE,
  CONSTRAINT `FK_historialabm_tipocarrera` FOREIGN KEY (`idTipoCarrera`) REFERENCES `tipocarrera` (`idTipoCarrera`) ON DELETE CASCADE ON UPDATE CASCADE,
  CONSTRAINT `FK_historialabm_tipoinstitucion` FOREIGN KEY (`idTipoInstitucion`) REFERENCES `tipoinstitucion` (`idTipoInstitucion`) ON DELETE CASCADE ON UPDATE CASCADE,
  CONSTRAINT `FK_historialabm_usuario` FOREIGN KEY (`idUsuario`) REFERENCES `usuario` (`idUsuario`) ON DELETE CASCADE ON UPDATE CASCADE
) ENGINE=InnoDB AUTO_INCREMENT=2 DEFAULT CHARSET=utf8mb4 COLLATE=utf8mb4_general_ci;

-- Volcando datos para la tabla ovo.historialabm: ~0 rows (aproximadamente)
INSERT INTO `historialabm` (`idHistorialABM`, `idUsuario`, `fechaHistorial`, `idTipoAccion`, `idModalidadCarreraInstitucion`, `idLocalidad`, `idGrupo`, `idProvincia`, `idPermiso`, `idAptitud`, `idPermisoGrupo`, `idCarrera`, `idEstadoAcceso`, `idGenero`, `idEstadoCarreraInstitucion`, `idEstadoUsuario`, `idPais`, `idTipoInstitucion`, `idTipoCarrera`) VALUES
	(1, 1, '2025-08-31 18:31:20', 1, NULL, NULL, 1, NULL, NULL, NULL, NULL, NULL, NULL, NULL, NULL, NULL, NULL, NULL, NULL);

-- Volcando estructura para tabla ovo.historialacceso
CREATE TABLE IF NOT EXISTS `historialacceso` (
  `idHistorial` int(11) NOT NULL AUTO_INCREMENT,
  `fecha` datetime NOT NULL DEFAULT current_timestamp(),
  `ipAcceso` varchar(50) NOT NULL,
  `navegador` varchar(1000) NOT NULL,
  `idEstadoAcceso` int(11) NOT NULL,
  `idUsuario` int(11) NOT NULL,
  PRIMARY KEY (`idHistorial`),
  KEY `FK_historialacceso_estadoacceso` (`idEstadoAcceso`),
  KEY `FK_historialacceso_usuario` (`idUsuario`),
  CONSTRAINT `FK_historialacceso_estadoacceso` FOREIGN KEY (`idEstadoAcceso`) REFERENCES `estadoacceso` (`idEstadoAcceso`) ON UPDATE CASCADE,
  CONSTRAINT `FK_historialacceso_usuario` FOREIGN KEY (`idUsuario`) REFERENCES `usuario` (`idUsuario`) ON DELETE CASCADE ON UPDATE CASCADE
) ENGINE=InnoDB AUTO_INCREMENT=447 DEFAULT CHARSET=utf8mb4 COLLATE=utf8mb4_general_ci;

-- Volcando datos para la tabla ovo.historialacceso: ~376 rows (aproximadamente)
INSERT INTO `historialacceso` (`idHistorial`, `fecha`, `ipAcceso`, `navegador`, `idEstadoAcceso`, `idUsuario`) VALUES
	(1, '2025-08-31 18:18:39', '1.1.1.1', 'dasd', 1, 1),
	(2, '2025-09-09 16:51:43', '127.0.0.1', 'PostmanRuntime/7.45.0', 1, 1),
	(3, '2025-09-09 16:51:47', '127.0.0.1', 'PostmanRuntime/7.45.0', 1, 1),
	(4, '2025-09-09 16:51:48', '127.0.0.1', 'PostmanRuntime/7.45.0', 1, 1),
	(5, '2025-09-09 16:52:38', '127.0.0.1', 'PostmanRuntime/7.45.0', 2, 1),
	(6, '2025-09-14 16:57:41', '127.0.0.1', 'PostmanRuntime/7.46.0', 1, 1),
	(7, '2025-09-14 16:57:50', '127.0.0.1', 'PostmanRuntime/7.46.0', 1, 1),
	(8, '2025-09-14 21:38:07', '191.82.213.188', 'PostmanRuntime/7.46.0', 1, 1),
	(9, '2025-09-14 21:49:46', '191.82.213.188', 'PostmanRuntime/7.46.0', 1, 1),
	(10, '2025-09-14 21:49:57', '192.168.1.1', 'PostmanRuntime/7.46.0', 1, 1),
	(11, '2025-09-15 01:02:27', '186.122.0.159', 'Mozilla/5.0 (Windows NT 10.0; Win64; x64) AppleWebKit/537.36 (KHTML, like Gecko) Chrome/140.0.0.0 Safari/537.36', 1, 1),
	(12, '2025-09-15 01:02:38', '186.122.0.159', 'Mozilla/5.0 (Windows NT 10.0; Win64; x64) AppleWebKit/537.36 (KHTML, like Gecko) Chrome/140.0.0.0 Safari/537.36', 1, 1),
	(13, '2025-09-15 01:03:10', '186.122.0.159', 'Mozilla/5.0 (Windows NT 10.0; Win64; x64) AppleWebKit/537.36 (KHTML, like Gecko) Chrome/140.0.0.0 Safari/537.36', 1, 1),
	(14, '2025-09-15 01:03:25', '186.122.0.159', 'Mozilla/5.0 (Windows NT 10.0; Win64; x64) AppleWebKit/537.36 (KHTML, like Gecko) Chrome/140.0.0.0 Safari/537.36', 1, 1),
	(15, '2025-09-15 01:03:35', '186.122.0.159', 'Mozilla/5.0 (Windows NT 10.0; Win64; x64) AppleWebKit/537.36 (KHTML, like Gecko) Chrome/140.0.0.0 Safari/537.36', 1, 1),
	(16, '2025-09-15 01:03:56', '186.122.0.159', 'Mozilla/5.0 (Windows NT 10.0; Win64; x64) AppleWebKit/537.36 (KHTML, like Gecko) Chrome/140.0.0.0 Safari/537.36', 1, 1),
	(17, '2025-09-15 13:43:31', '190.220.154.44', 'Mozilla/5.0 (Windows NT 10.0; Win64; x64) AppleWebKit/537.36 (KHTML, like Gecko) Chrome/140.0.0.0 Safari/537.36', 1, 1),
	(18, '2025-09-15 13:49:40', '190.220.154.44', 'Mozilla/5.0 (Windows NT 10.0; Win64; x64) AppleWebKit/537.36 (KHTML, like Gecko) Chrome/140.0.0.0 Safari/537.36', 1, 1),
	(19, '2025-09-15 13:51:43', '190.220.154.44', 'Mozilla/5.0 (Windows NT 10.0; Win64; x64) AppleWebKit/537.36 (KHTML, like Gecko) Chrome/140.0.0.0 Safari/537.36', 1, 1),
	(20, '2025-09-15 15:44:02', '190.220.154.44', 'Mozilla/5.0 (Windows NT 10.0; Win64; x64) AppleWebKit/537.36 (KHTML, like Gecko) Chrome/140.0.0.0 Safari/537.36', 1, 1),
	(21, '2025-09-15 15:44:35', '190.220.154.44', 'Mozilla/5.0 (Windows NT 10.0; Win64; x64) AppleWebKit/537.36 (KHTML, like Gecko) Chrome/140.0.0.0 Safari/537.36', 1, 1),
	(22, '2025-09-15 15:47:00', '190.220.154.44', 'Mozilla/5.0 (Windows NT 10.0; Win64; x64) AppleWebKit/537.36 (KHTML, like Gecko) Chrome/140.0.0.0 Safari/537.36', 1, 1),
	(23, '2025-09-15 15:49:53', '190.220.154.44', 'Mozilla/5.0 (Windows NT 10.0; Win64; x64) AppleWebKit/537.36 (KHTML, like Gecko) Chrome/140.0.0.0 Safari/537.36', 1, 1),
	(24, '2025-09-15 15:50:00', '190.220.154.44', 'Mozilla/5.0 (Windows NT 10.0; Win64; x64) AppleWebKit/537.36 (KHTML, like Gecko) Chrome/140.0.0.0 Safari/537.36', 1, 1),
	(25, '2025-09-15 15:50:02', '190.220.154.44', 'Mozilla/5.0 (Windows NT 10.0; Win64; x64) AppleWebKit/537.36 (KHTML, like Gecko) Chrome/140.0.0.0 Safari/537.36', 1, 1),
	(26, '2025-09-15 15:50:05', '190.220.154.44', 'Mozilla/5.0 (Windows NT 10.0; Win64; x64) AppleWebKit/537.36 (KHTML, like Gecko) Chrome/140.0.0.0 Safari/537.36', 1, 1),
	(27, '2025-09-15 15:51:27', '190.220.154.44', 'Mozilla/5.0 (Windows NT 10.0; Win64; x64) AppleWebKit/537.36 (KHTML, like Gecko) Chrome/140.0.0.0 Safari/537.36', 1, 1),
	(28, '2025-09-15 15:51:30', '190.220.154.44', 'Mozilla/5.0 (Windows NT 10.0; Win64; x64) AppleWebKit/537.36 (KHTML, like Gecko) Chrome/140.0.0.0 Safari/537.36', 1, 1),
	(29, '2025-09-15 15:56:10', '190.220.154.44', 'Mozilla/5.0 (Windows NT 10.0; Win64; x64) AppleWebKit/537.36 (KHTML, like Gecko) Chrome/140.0.0.0 Safari/537.36', 1, 1),
	(30, '2025-09-15 15:56:14', '190.220.154.44', 'Mozilla/5.0 (Windows NT 10.0; Win64; x64) AppleWebKit/537.36 (KHTML, like Gecko) Chrome/140.0.0.0 Safari/537.36', 1, 1),
	(31, '2025-09-15 16:00:47', '190.220.154.44', 'Mozilla/5.0 (Windows NT 10.0; Win64; x64) AppleWebKit/537.36 (KHTML, like Gecko) Chrome/140.0.0.0 Safari/537.36', 1, 1),
	(32, '2025-09-15 16:01:05', '190.220.154.44', 'Mozilla/5.0 (Windows NT 10.0; Win64; x64) AppleWebKit/537.36 (KHTML, like Gecko) Chrome/140.0.0.0 Safari/537.36', 1, 1),
	(33, '2025-09-15 16:01:30', '190.220.154.44', 'Mozilla/5.0 (Windows NT 10.0; Win64; x64) AppleWebKit/537.36 (KHTML, like Gecko) Chrome/140.0.0.0 Safari/537.36', 1, 1),
	(34, '2025-09-15 16:02:25', '190.220.154.44', 'Mozilla/5.0 (Windows NT 10.0; Win64; x64) AppleWebKit/537.36 (KHTML, like Gecko) Chrome/140.0.0.0 Safari/537.36', 1, 1),
	(35, '2025-09-15 16:09:12', '190.220.154.44', 'Mozilla/5.0 (Windows NT 10.0; Win64; x64) AppleWebKit/537.36 (KHTML, like Gecko) Chrome/140.0.0.0 Safari/537.36', 1, 1),
	(36, '2025-09-15 16:09:23', '190.220.154.44', 'Mozilla/5.0 (Windows NT 10.0; Win64; x64) AppleWebKit/537.36 (KHTML, like Gecko) Chrome/140.0.0.0 Safari/537.36', 1, 1),
	(37, '2025-09-15 16:16:20', '190.220.154.44', 'Mozilla/5.0 (Windows NT 10.0; Win64; x64) AppleWebKit/537.36 (KHTML, like Gecko) Chrome/140.0.0.0 Safari/537.36', 1, 1),
	(38, '2025-09-15 16:17:59', '190.220.154.44', 'Mozilla/5.0 (Windows NT 10.0; Win64; x64) AppleWebKit/537.36 (KHTML, like Gecko) Chrome/140.0.0.0 Safari/537.36', 1, 1),
	(39, '2025-09-15 16:20:23', '190.220.154.44', 'Mozilla/5.0 (Windows NT 10.0; Win64; x64) AppleWebKit/537.36 (KHTML, like Gecko) Chrome/140.0.0.0 Safari/537.36', 1, 1),
	(40, '2025-09-15 16:23:02', '190.220.154.44', 'Mozilla/5.0 (Windows NT 10.0; Win64; x64) AppleWebKit/537.36 (KHTML, like Gecko) Chrome/140.0.0.0 Safari/537.36', 1, 1),
	(41, '2025-09-15 16:23:37', '190.220.154.44', 'Mozilla/5.0 (Windows NT 10.0; Win64; x64) AppleWebKit/537.36 (KHTML, like Gecko) Chrome/140.0.0.0 Safari/537.36', 1, 1),
	(42, '2025-09-15 16:23:42', '190.220.154.44', 'Mozilla/5.0 (Windows NT 10.0; Win64; x64) AppleWebKit/537.36 (KHTML, like Gecko) Chrome/140.0.0.0 Safari/537.36', 1, 1),
	(43, '2025-09-15 16:25:09', '190.220.154.44', 'Mozilla/5.0 (Windows NT 10.0; Win64; x64) AppleWebKit/537.36 (KHTML, like Gecko) Chrome/140.0.0.0 Safari/537.36', 1, 1),
	(44, '2025-09-15 16:57:00', '190.220.154.44', 'Mozilla/5.0 (Windows NT 10.0; Win64; x64) AppleWebKit/537.36 (KHTML, like Gecko) Chrome/140.0.0.0 Safari/537.36', 1, 1),
	(45, '2025-09-15 16:57:08', '190.220.154.44', 'Mozilla/5.0 (Windows NT 10.0; Win64; x64) AppleWebKit/537.36 (KHTML, like Gecko) Chrome/140.0.0.0 Safari/537.36', 1, 1),
	(46, '2025-09-15 18:14:05', '191.82.10.3', 'Mozilla/5.0 (Windows NT 10.0; Win64; x64) AppleWebKit/537.36 (KHTML, like Gecko) Chrome/139.0.0.0 Safari/537.36', 1, 1),
	(47, '2025-09-15 18:34:42', '191.82.10.3', 'Mozilla/5.0 (Windows NT 10.0; Win64; x64) AppleWebKit/537.36 (KHTML, like Gecko) Chrome/139.0.0.0 Safari/537.36', 1, 1),
	(48, '2025-09-15 19:59:04', '192.168.1.1', 'Mozilla/5.0 (Windows NT 10.0; Win64; x64) AppleWebKit/537.36 (KHTML, like Gecko) Chrome/137.0.0.0 Safari/537.36 OPR/121.0.0.0', 1, 1),
	(49, '2025-09-15 20:21:47', '190.15.220.52', 'Mozilla/5.0 (Windows NT 10.0; Win64; x64) AppleWebKit/537.36 (KHTML, like Gecko) Chrome/140.0.0.0 Safari/537.36', 1, 1),
	(50, '2025-09-15 20:24:26', '190.15.220.52', 'Mozilla/5.0 (Windows NT 10.0; Win64; x64) AppleWebKit/537.36 (KHTML, like Gecko) Chrome/140.0.0.0 Safari/537.36', 1, 1),
	(51, '2025-09-15 20:25:43', '190.15.220.52', 'Mozilla/5.0 (Windows NT 10.0; Win64; x64) AppleWebKit/537.36 (KHTML, like Gecko) Chrome/140.0.0.0 Safari/537.36', 1, 1),
	(52, '2025-09-15 20:27:56', '190.15.220.52', 'Mozilla/5.0 (Windows NT 10.0; Win64; x64) AppleWebKit/537.36 (KHTML, like Gecko) Chrome/140.0.0.0 Safari/537.36', 1, 1),
	(53, '2025-09-15 20:34:39', '190.15.220.52', 'Mozilla/5.0 (Windows NT 10.0; Win64; x64) AppleWebKit/537.36 (KHTML, like Gecko) Chrome/140.0.0.0 Safari/537.36', 1, 1),
	(54, '2025-09-15 20:37:12', '190.15.220.52', 'Mozilla/5.0 (Windows NT 10.0; Win64; x64) AppleWebKit/537.36 (KHTML, like Gecko) Chrome/140.0.0.0 Safari/537.36', 1, 1),
	(55, '2025-09-15 20:37:18', '190.15.220.52', 'Mozilla/5.0 (Windows NT 10.0; Win64; x64) AppleWebKit/537.36 (KHTML, like Gecko) Chrome/140.0.0.0 Safari/537.36', 1, 1),
	(56, '2025-09-15 20:42:23', '192.168.1.1', 'Mozilla/5.0 (Windows NT 10.0; Win64; x64) AppleWebKit/537.36 (KHTML, like Gecko) Chrome/137.0.0.0 Safari/537.36 OPR/121.0.0.0', 2, 1),
	(57, '2025-09-15 20:42:24', '192.168.1.1', 'Mozilla/5.0 (Windows NT 10.0; Win64; x64) AppleWebKit/537.36 (KHTML, like Gecko) Chrome/137.0.0.0 Safari/537.36 OPR/121.0.0.0', 2, 1),
	(58, '2025-09-15 20:42:25', '192.168.1.1', 'Mozilla/5.0 (Windows NT 10.0; Win64; x64) AppleWebKit/537.36 (KHTML, like Gecko) Chrome/137.0.0.0 Safari/537.36 OPR/121.0.0.0', 2, 1),
	(59, '2025-09-15 20:42:27', '192.168.1.1', 'Mozilla/5.0 (Windows NT 10.0; Win64; x64) AppleWebKit/537.36 (KHTML, like Gecko) Chrome/137.0.0.0 Safari/537.36 OPR/121.0.0.0', 1, 1),
	(60, '2025-09-15 20:49:10', '192.168.1.1', 'Mozilla/5.0 (Windows NT 10.0; Win64; x64) AppleWebKit/537.36 (KHTML, like Gecko) Chrome/137.0.0.0 Safari/537.36 OPR/121.0.0.0', 1, 1),
	(61, '2025-09-15 20:50:39', '190.15.220.52', 'Mozilla/5.0 (Windows NT 10.0; Win64; x64) AppleWebKit/537.36 (KHTML, like Gecko) Chrome/140.0.0.0 Safari/537.36', 1, 1),
	(62, '2025-09-15 20:51:58', '190.15.220.52', 'Mozilla/5.0 (Windows NT 10.0; Win64; x64) AppleWebKit/537.36 (KHTML, like Gecko) Chrome/140.0.0.0 Safari/537.36', 1, 1),
	(63, '2025-09-15 20:55:13', '190.15.220.52', 'Mozilla/5.0 (Windows NT 10.0; Win64; x64) AppleWebKit/537.36 (KHTML, like Gecko) Chrome/140.0.0.0 Safari/537.36', 1, 1),
	(64, '2025-09-16 12:49:33', '190.220.154.44', 'Mozilla/5.0 (Windows NT 10.0; Win64; x64) AppleWebKit/537.36 (KHTML, like Gecko) Chrome/140.0.0.0 Safari/537.36', 1, 1),
	(65, '2025-09-16 13:02:48', '190.220.154.44', 'Mozilla/5.0 (Windows NT 10.0; Win64; x64) AppleWebKit/537.36 (KHTML, like Gecko) Chrome/140.0.0.0 Safari/537.36', 1, 27),
	(66, '2025-09-16 13:03:00', '190.220.154.44', 'Mozilla/5.0 (Windows NT 10.0; Win64; x64) AppleWebKit/537.36 (KHTML, like Gecko) Chrome/140.0.0.0 Safari/537.36', 1, 1),
	(67, '2025-09-16 13:16:06', '190.220.154.44', 'Mozilla/5.0 (Windows NT 10.0; Win64; x64) AppleWebKit/537.36 (KHTML, like Gecko) Chrome/140.0.0.0 Safari/537.36', 1, 1),
	(68, '2025-09-16 13:16:14', '190.220.154.44', 'Mozilla/5.0 (Windows NT 10.0; Win64; x64) AppleWebKit/537.36 (KHTML, like Gecko) Chrome/140.0.0.0 Safari/537.36', 1, 1),
	(69, '2025-09-16 13:25:54', '190.220.154.44', 'Mozilla/5.0 (Windows NT 10.0; Win64; x64) AppleWebKit/537.36 (KHTML, like Gecko) Chrome/140.0.0.0 Safari/537.36', 1, 1),
	(70, '2025-09-16 13:25:59', '190.220.154.44', 'Mozilla/5.0 (Windows NT 10.0; Win64; x64) AppleWebKit/537.36 (KHTML, like Gecko) Chrome/140.0.0.0 Safari/537.36', 1, 1),
	(71, '2025-09-16 13:26:08', '190.220.154.44', 'Mozilla/5.0 (Windows NT 10.0; Win64; x64) AppleWebKit/537.36 (KHTML, like Gecko) Chrome/140.0.0.0 Safari/537.36', 1, 1),
	(74, '2025-09-16 13:28:18', '190.220.154.44', 'Mozilla/5.0 (Windows NT 10.0; Win64; x64) AppleWebKit/537.36 (KHTML, like Gecko) Chrome/140.0.0.0 Safari/537.36', 1, 28),
	(75, '2025-09-16 13:30:13', '190.220.154.44', 'Mozilla/5.0 (Windows NT 10.0; Win64; x64) AppleWebKit/537.36 (KHTML, like Gecko) Chrome/140.0.0.0 Safari/537.36', 1, 1),
	(76, '2025-09-16 13:45:24', '192.168.1.1', 'Mozilla/5.0 (Windows NT 10.0; Win64; x64) AppleWebKit/537.36 (KHTML, like Gecko) Chrome/137.0.0.0 Safari/537.36 OPR/121.0.0.0', 1, 1),
	(77, '2025-09-16 13:47:06', '192.168.1.1', 'Mozilla/5.0 (Windows NT 10.0; Win64; x64) AppleWebKit/537.36 (KHTML, like Gecko) Chrome/137.0.0.0 Safari/537.36 OPR/121.0.0.0', 1, 1),
	(78, '2025-09-16 13:48:23', '191.82.213.188', 'Mozilla/5.0 (Windows NT 10.0; Win64; x64) AppleWebKit/537.36 (KHTML, like Gecko) Chrome/140.0.0.0 Safari/537.36', 1, 1),
	(80, '2025-09-16 14:03:35', '192.168.1.1', 'Mozilla/5.0 (Windows NT 10.0; Win64; x64) AppleWebKit/537.36 (KHTML, like Gecko) Chrome/137.0.0.0 Safari/537.36 OPR/121.0.0.0', 1, 1),
	(81, '2025-09-16 14:03:40', '191.82.213.188', 'Mozilla/5.0 (Windows NT 10.0; Win64; x64) AppleWebKit/537.36 (KHTML, like Gecko) Chrome/140.0.0.0 Safari/537.36', 1, 1),
	(82, '2025-09-16 14:03:56', '192.168.1.1', 'Mozilla/5.0 (Windows NT 10.0; Win64; x64) AppleWebKit/537.36 (KHTML, like Gecko) Chrome/137.0.0.0 Safari/537.36 OPR/121.0.0.0', 1, 1),
	(83, '2025-09-16 14:21:32', '191.82.213.188', 'Mozilla/5.0 (Windows NT 10.0; Win64; x64) AppleWebKit/537.36 (KHTML, like Gecko) Chrome/140.0.0.0 Safari/537.36', 1, 1),
	(84, '2025-09-16 14:22:20', '191.82.213.188', 'Mozilla/5.0 (Windows NT 10.0; Win64; x64) AppleWebKit/537.36 (KHTML, like Gecko) Chrome/140.0.0.0 Safari/537.36', 1, 1),
	(85, '2025-09-16 14:22:57', '191.82.213.188', 'Mozilla/5.0 (Windows NT 10.0; Win64; x64) AppleWebKit/537.36 (KHTML, like Gecko) Chrome/140.0.0.0 Safari/537.36', 1, 1),
	(87, '2025-09-16 14:42:26', '192.168.1.1', 'Mozilla/5.0 (Windows NT 10.0; Win64; x64) AppleWebKit/537.36 (KHTML, like Gecko) Chrome/137.0.0.0 Safari/537.36 OPR/121.0.0.0', 1, 1),
	(88, '2025-09-16 14:43:38', '192.168.1.1', 'Mozilla/5.0 (Windows NT 10.0; Win64; x64) AppleWebKit/537.36 (KHTML, like Gecko) Chrome/137.0.0.0 Safari/537.36 OPR/121.0.0.0', 1, 888),
	(89, '2025-09-16 14:47:25', '192.168.1.1', 'Mozilla/5.0 (Windows NT 10.0; Win64; x64) AppleWebKit/537.36 (KHTML, like Gecko) Chrome/137.0.0.0 Safari/537.36 OPR/121.0.0.0', 1, 1),
	(90, '2025-09-16 14:47:27', '192.168.1.1', 'Mozilla/5.0 (Windows NT 10.0; Win64; x64) AppleWebKit/537.36 (KHTML, like Gecko) Chrome/137.0.0.0 Safari/537.36 OPR/121.0.0.0', 2, 1),
	(91, '2025-09-16 14:48:10', '192.168.1.1', 'Mozilla/5.0 (Windows NT 10.0; Win64; x64) AppleWebKit/537.36 (KHTML, like Gecko) Chrome/137.0.0.0 Safari/537.36 OPR/121.0.0.0', 2, 1),
	(92, '2025-09-16 14:48:11', '192.168.1.1', 'Mozilla/5.0 (Windows NT 10.0; Win64; x64) AppleWebKit/537.36 (KHTML, like Gecko) Chrome/137.0.0.0 Safari/537.36 OPR/121.0.0.0', 2, 1),
	(93, '2025-09-16 14:48:39', '192.168.1.1', 'Mozilla/5.0 (Windows NT 10.0; Win64; x64) AppleWebKit/537.36 (KHTML, like Gecko) Chrome/137.0.0.0 Safari/537.36 OPR/121.0.0.0', 2, 1),
	(96, '2025-09-16 14:49:06', '192.168.1.1', 'Mozilla/5.0 (Windows NT 10.0; Win64; x64) AppleWebKit/537.36 (KHTML, like Gecko) Chrome/137.0.0.0 Safari/537.36 OPR/121.0.0.0', 2, 1),
	(97, '2025-09-16 14:49:10', '192.168.1.1', 'Mozilla/5.0 (Windows NT 10.0; Win64; x64) AppleWebKit/537.36 (KHTML, like Gecko) Chrome/137.0.0.0 Safari/537.36 OPR/121.0.0.0', 1, 1),
	(98, '2025-09-16 14:49:14', '191.82.213.188', 'Mozilla/5.0 (Windows NT 10.0; Win64; x64) AppleWebKit/537.36 (KHTML, like Gecko) Chrome/140.0.0.0 Safari/537.36', 1, 1),
	(99, '2025-09-16 14:49:27', '192.168.1.1', 'Mozilla/5.0 (Windows NT 10.0; Win64; x64) AppleWebKit/537.36 (KHTML, like Gecko) Chrome/137.0.0.0 Safari/537.36 OPR/121.0.0.0', 1, 1),
	(100, '2025-09-16 14:49:28', '191.82.213.188', 'Mozilla/5.0 (Windows NT 10.0; Win64; x64) AppleWebKit/537.36 (KHTML, like Gecko) Chrome/140.0.0.0 Safari/537.36', 1, 1),
	(101, '2025-09-16 14:49:36', '192.168.1.1', 'Mozilla/5.0 (Windows NT 10.0; Win64; x64) AppleWebKit/537.36 (KHTML, like Gecko) Chrome/137.0.0.0 Safari/537.36 OPR/121.0.0.0', 1, 1),
	(102, '2025-09-16 14:51:55', '192.168.1.1', 'Mozilla/5.0 (Windows NT 10.0; Win64; x64) AppleWebKit/537.36 (KHTML, like Gecko) Chrome/137.0.0.0 Safari/537.36 OPR/121.0.0.0', 1, 1),
	(103, '2025-09-16 14:52:29', '192.168.1.1', 'Mozilla/5.0 (Windows NT 10.0; Win64; x64) AppleWebKit/537.36 (KHTML, like Gecko) Chrome/137.0.0.0 Safari/537.36 OPR/121.0.0.0', 1, 1),
	(104, '2025-09-16 14:52:30', '191.82.213.188', 'Mozilla/5.0 (Windows NT 10.0; Win64; x64) AppleWebKit/537.36 (KHTML, like Gecko) Chrome/140.0.0.0 Safari/537.36', 1, 1),
	(105, '2025-09-16 14:52:38', '192.168.1.1', 'Mozilla/5.0 (Windows NT 10.0; Win64; x64) AppleWebKit/537.36 (KHTML, like Gecko) Chrome/137.0.0.0 Safari/537.36 OPR/121.0.0.0', 1, 1),
	(106, '2025-09-16 15:26:20', '191.82.213.188', 'Mozilla/5.0 (Windows NT 10.0; Win64; x64) AppleWebKit/537.36 (KHTML, like Gecko) Chrome/140.0.0.0 Safari/537.36', 1, 1),
	(107, '2025-09-16 15:27:19', '191.82.213.188', 'Mozilla/5.0 (Windows NT 10.0; Win64; x64) AppleWebKit/537.36 (KHTML, like Gecko) Chrome/140.0.0.0 Safari/537.36', 1, 1),
	(108, '2025-09-16 15:52:42', '192.168.1.1', 'Mozilla/5.0 (Windows NT 10.0; Win64; x64) AppleWebKit/537.36 (KHTML, like Gecko) Chrome/137.0.0.0 Safari/537.36 OPR/121.0.0.0', 1, 1),
	(109, '2025-09-16 15:52:54', '191.82.213.188', 'Mozilla/5.0 (Windows NT 10.0; Win64; x64) AppleWebKit/537.36 (KHTML, like Gecko) Chrome/140.0.0.0 Safari/537.36', 1, 1),
	(110, '2025-09-16 15:52:59', '191.82.213.188', 'Mozilla/5.0 (Windows NT 10.0; Win64; x64) AppleWebKit/537.36 (KHTML, like Gecko) Chrome/140.0.0.0 Safari/537.36', 1, 1),
	(111, '2025-09-16 15:54:20', '191.82.213.188', 'Mozilla/5.0 (Windows NT 10.0; Win64; x64) AppleWebKit/537.36 (KHTML, like Gecko) Chrome/140.0.0.0 Safari/537.36', 1, 1),
	(112, '2025-09-16 15:54:40', '191.82.213.188', 'Mozilla/5.0 (Windows NT 10.0; Win64; x64) AppleWebKit/537.36 (KHTML, like Gecko) Chrome/140.0.0.0 Safari/537.36', 1, 1),
	(113, '2025-09-16 15:55:56', '191.82.213.188', 'Mozilla/5.0 (Windows NT 10.0; Win64; x64) AppleWebKit/537.36 (KHTML, like Gecko) Chrome/140.0.0.0 Safari/537.36', 1, 1),
	(114, '2025-09-16 16:17:28', '191.82.213.188', 'Mozilla/5.0 (Windows NT 10.0; Win64; x64) AppleWebKit/537.36 (KHTML, like Gecko) Chrome/140.0.0.0 Safari/537.36', 1, 1),
	(115, '2025-09-16 16:26:10', '191.82.213.188', 'Mozilla/5.0 (Windows NT 10.0; Win64; x64) AppleWebKit/537.36 (KHTML, like Gecko) Chrome/140.0.0.0 Safari/537.36', 1, 1),
	(116, '2025-09-16 16:26:22', '191.82.213.188', 'Mozilla/5.0 (Windows NT 10.0; Win64; x64) AppleWebKit/537.36 (KHTML, like Gecko) Chrome/140.0.0.0 Safari/537.36', 1, 1),
	(117, '2025-09-16 16:27:03', '191.82.213.188', 'Mozilla/5.0 (Windows NT 10.0; Win64; x64) AppleWebKit/537.36 (KHTML, like Gecko) Chrome/140.0.0.0 Safari/537.36', 1, 1),
	(120, '2025-09-16 16:29:12', '191.82.213.188', 'Mozilla/5.0 (Windows NT 10.0; Win64; x64) AppleWebKit/537.36 (KHTML, like Gecko) Chrome/140.0.0.0 Safari/537.36', 1, 1),
	(121, '2025-09-16 16:30:05', '192.168.1.1', 'Mozilla/5.0 (Windows NT 10.0; Win64; x64) AppleWebKit/537.36 (KHTML, like Gecko) Chrome/137.0.0.0 Safari/537.36 OPR/121.0.0.0', 1, 1),
	(122, '2025-09-16 16:30:25', '191.82.213.188', 'Mozilla/5.0 (Windows NT 10.0; Win64; x64) AppleWebKit/537.36 (KHTML, like Gecko) Chrome/140.0.0.0 Safari/537.36', 1, 1),
	(123, '2025-09-16 16:33:48', '191.82.213.188', 'Mozilla/5.0 (Windows NT 10.0; Win64; x64) AppleWebKit/537.36 (KHTML, like Gecko) Chrome/140.0.0.0 Safari/537.36', 1, 1),
	(128, '2025-09-16 16:36:03', '192.168.1.1', 'Mozilla/5.0 (Windows NT 10.0; Win64; x64) AppleWebKit/537.36 (KHTML, like Gecko) Chrome/137.0.0.0 Safari/537.36 OPR/121.0.0.0', 1, 1),
	(132, '2025-09-16 16:40:56', '191.82.213.188', 'Mozilla/5.0 (Windows NT 10.0; Win64; x64) AppleWebKit/537.36 (KHTML, like Gecko) Chrome/140.0.0.0 Safari/537.36', 1, 1),
	(133, '2025-09-16 16:41:08', '191.82.213.188', 'Mozilla/5.0 (Windows NT 10.0; Win64; x64) AppleWebKit/537.36 (KHTML, like Gecko) Chrome/140.0.0.0 Safari/537.36', 1, 1),
	(134, '2025-09-16 16:41:16', '191.82.213.188', 'Mozilla/5.0 (Windows NT 10.0; Win64; x64) AppleWebKit/537.36 (KHTML, like Gecko) Chrome/140.0.0.0 Safari/537.36', 1, 1),
	(135, '2025-09-16 16:41:48', '191.82.213.188', 'Mozilla/5.0 (Windows NT 10.0; Win64; x64) AppleWebKit/537.36 (KHTML, like Gecko) Chrome/140.0.0.0 Safari/537.36', 1, 1),
	(136, '2025-09-16 16:42:56', '191.82.213.188', 'Mozilla/5.0 (Windows NT 10.0; Win64; x64) AppleWebKit/537.36 (KHTML, like Gecko) Chrome/140.0.0.0 Safari/537.36', 1, 1),
	(137, '2025-09-16 17:08:23', '191.82.213.188', 'Mozilla/5.0 (Windows NT 10.0; Win64; x64) AppleWebKit/537.36 (KHTML, like Gecko) Chrome/140.0.0.0 Safari/537.36', 1, 1),
	(138, '2025-09-16 17:09:10', '191.82.213.188', 'Mozilla/5.0 (Windows NT 10.0; Win64; x64) AppleWebKit/537.36 (KHTML, like Gecko) Chrome/140.0.0.0 Safari/537.36', 1, 1),
	(139, '2025-09-16 17:12:30', '191.82.213.188', 'Mozilla/5.0 (Windows NT 10.0; Win64; x64) AppleWebKit/537.36 (KHTML, like Gecko) Chrome/140.0.0.0 Safari/537.36', 1, 1),
	(141, '2025-09-16 17:13:35', '191.82.213.188', 'Mozilla/5.0 (Windows NT 10.0; Win64; x64) AppleWebKit/537.36 (KHTML, like Gecko) Chrome/140.0.0.0 Safari/537.36', 1, 1),
	(142, '2025-09-16 17:48:39', '190.15.206.25', 'Mozilla/5.0 (Windows NT 10.0; Win64; x64) AppleWebKit/537.36 (KHTML, like Gecko) Chrome/139.0.0.0 Safari/537.36', 1, 1),
	(143, '2025-09-16 17:49:35', '190.15.206.25', 'Mozilla/5.0 (Windows NT 10.0; Win64; x64) AppleWebKit/537.36 (KHTML, like Gecko) Chrome/139.0.0.0 Safari/537.36', 1, 1),
	(144, '2025-09-16 17:49:57', '190.15.206.25', 'Mozilla/5.0 (Windows NT 10.0; Win64; x64) AppleWebKit/537.36 (KHTML, like Gecko) Chrome/139.0.0.0 Safari/537.36', 1, 28),
	(145, '2025-09-16 17:51:09', '190.15.206.25', 'Mozilla/5.0 (Windows NT 10.0; Win64; x64) AppleWebKit/537.36 (KHTML, like Gecko) Chrome/139.0.0.0 Safari/537.36', 1, 1),
	(146, '2025-09-16 17:51:44', '190.15.206.25', 'Mozilla/5.0 (Windows NT 10.0; Win64; x64) AppleWebKit/537.36 (KHTML, like Gecko) Chrome/139.0.0.0 Safari/537.36', 2, 27),
	(147, '2025-09-16 17:51:52', '190.15.206.25', 'Mozilla/5.0 (Windows NT 10.0; Win64; x64) AppleWebKit/537.36 (KHTML, like Gecko) Chrome/139.0.0.0 Safari/537.36', 2, 27),
	(148, '2025-09-16 17:51:59', '190.15.206.25', 'Mozilla/5.0 (Windows NT 10.0; Win64; x64) AppleWebKit/537.36 (KHTML, like Gecko) Chrome/139.0.0.0 Safari/537.36', 1, 27),
	(149, '2025-09-16 17:52:17', '190.15.206.25', 'Mozilla/5.0 (Windows NT 10.0; Win64; x64) AppleWebKit/537.36 (KHTML, like Gecko) Chrome/139.0.0.0 Safari/537.36', 1, 1),
	(150, '2025-09-16 17:52:45', '190.15.206.25', 'Mozilla/5.0 (Windows NT 10.0; Win64; x64) AppleWebKit/537.36 (KHTML, like Gecko) Chrome/139.0.0.0 Safari/537.36', 1, 1),
	(151, '2025-09-16 18:01:36', '190.15.206.25', 'Mozilla/5.0 (Windows NT 10.0; Win64; x64) AppleWebKit/537.36 (KHTML, like Gecko) Chrome/139.0.0.0 Safari/537.36', 1, 1),
	(152, '2025-09-16 18:01:45', '190.15.206.25', 'Mozilla/5.0 (Windows NT 10.0; Win64; x64) AppleWebKit/537.36 (KHTML, like Gecko) Chrome/139.0.0.0 Safari/537.36', 1, 1),
	(153, '2025-09-16 18:02:18', '190.15.206.25', 'Mozilla/5.0 (Windows NT 10.0; Win64; x64) AppleWebKit/537.36 (KHTML, like Gecko) Chrome/139.0.0.0 Safari/537.36', 1, 1),
	(154, '2025-09-16 18:08:23', '190.15.206.25', 'Mozilla/5.0 (Windows NT 10.0; Win64; x64) AppleWebKit/537.36 (KHTML, like Gecko) Chrome/139.0.0.0 Safari/537.36', 1, 1),
	(155, '2025-09-16 18:10:46', '190.15.206.25', 'Mozilla/5.0 (Windows NT 10.0; Win64; x64) AppleWebKit/537.36 (KHTML, like Gecko) Chrome/139.0.0.0 Safari/537.36', 1, 1),
	(158, '2025-09-16 18:13:05', '190.15.206.25', 'Mozilla/5.0 (Windows NT 10.0; Win64; x64) AppleWebKit/537.36 (KHTML, like Gecko) Chrome/139.0.0.0 Safari/537.36', 1, 28),
	(159, '2025-09-16 18:16:01', '190.15.206.25', 'Mozilla/5.0 (Windows NT 10.0; Win64; x64) AppleWebKit/537.36 (KHTML, like Gecko) Chrome/139.0.0.0 Safari/537.36', 1, 28),
	(160, '2025-09-16 18:21:42', '190.15.206.25', 'Mozilla/5.0 (Windows NT 10.0; Win64; x64) AppleWebKit/537.36 (KHTML, like Gecko) Chrome/139.0.0.0 Safari/537.36', 1, 1),
	(161, '2025-09-16 18:22:24', '190.15.206.25', 'Mozilla/5.0 (Windows NT 10.0; Win64; x64) AppleWebKit/537.36 (KHTML, like Gecko) Chrome/139.0.0.0 Safari/537.36', 1, 27),
	(162, '2025-09-16 18:29:28', '190.15.206.25', 'Mozilla/5.0 (Windows NT 10.0; Win64; x64) AppleWebKit/537.36 (KHTML, like Gecko) Chrome/139.0.0.0 Safari/537.36', 1, 1),
	(163, '2025-09-16 18:35:12', '190.15.206.25', 'Mozilla/5.0 (Windows NT 10.0; Win64; x64) AppleWebKit/537.36 (KHTML, like Gecko) Chrome/139.0.0.0 Safari/537.36', 1, 1),
	(164, '2025-09-16 18:35:48', '190.15.206.25', 'Mozilla/5.0 (Windows NT 10.0; Win64; x64) AppleWebKit/537.36 (KHTML, like Gecko) Chrome/139.0.0.0 Safari/537.36', 1, 27),
	(165, '2025-09-16 18:45:40', '190.15.206.25', 'Mozilla/5.0 (Windows NT 10.0; Win64; x64) AppleWebKit/537.36 (KHTML, like Gecko) Chrome/139.0.0.0 Safari/537.36', 1, 1),
	(167, '2025-09-16 18:46:56', '190.15.206.25', 'Mozilla/5.0 (Windows NT 10.0; Win64; x64) AppleWebKit/537.36 (KHTML, like Gecko) Chrome/139.0.0.0 Safari/537.36', 2, 27),
	(168, '2025-09-16 18:47:03', '190.15.206.25', 'Mozilla/5.0 (Windows NT 10.0; Win64; x64) AppleWebKit/537.36 (KHTML, like Gecko) Chrome/139.0.0.0 Safari/537.36', 1, 27),
	(169, '2025-09-16 18:49:56', '190.15.206.25', 'Mozilla/5.0 (Windows NT 10.0; Win64; x64) AppleWebKit/537.36 (KHTML, like Gecko) Chrome/139.0.0.0 Safari/537.36', 1, 1),
	(170, '2025-09-16 18:50:51', '190.15.206.25', 'Mozilla/5.0 (Windows NT 10.0; Win64; x64) AppleWebKit/537.36 (KHTML, like Gecko) Chrome/139.0.0.0 Safari/537.36', 1, 1),
	(171, '2025-09-16 18:53:21', '190.15.206.25', 'Mozilla/5.0 (Windows NT 10.0; Win64; x64) AppleWebKit/537.36 (KHTML, like Gecko) Chrome/139.0.0.0 Safari/537.36', 1, 1),
	(172, '2025-09-16 18:53:41', '190.15.206.25', 'Mozilla/5.0 (Windows NT 10.0; Win64; x64) AppleWebKit/537.36 (KHTML, like Gecko) Chrome/139.0.0.0 Safari/537.36', 2, 28),
	(173, '2025-09-16 18:53:47', '190.15.206.25', 'Mozilla/5.0 (Windows NT 10.0; Win64; x64) AppleWebKit/537.36 (KHTML, like Gecko) Chrome/139.0.0.0 Safari/537.36', 1, 28),
	(174, '2025-09-16 18:56:07', '190.15.206.25', 'Mozilla/5.0 (Windows NT 10.0; Win64; x64) AppleWebKit/537.36 (KHTML, like Gecko) Chrome/139.0.0.0 Safari/537.36', 1, 1),
	(175, '2025-09-16 19:08:25', '186.141.229.67', 'Mozilla/5.0 (Windows NT 10.0; Win64; x64) AppleWebKit/537.36 (KHTML, like Gecko) Chrome/139.0.0.0 Safari/537.36', 1, 1),
	(176, '2025-09-16 19:20:51', '186.141.202.109', 'Mozilla/5.0 (Windows NT 10.0; Win64; x64) AppleWebKit/537.36 (KHTML, like Gecko) Chrome/139.0.0.0 Safari/537.36', 1, 28),
	(177, '2025-09-20 03:31:46', '186.122.0.159', 'Mozilla/5.0 (Windows NT 10.0; Win64; x64) AppleWebKit/537.36 (KHTML, like Gecko) Chrome/140.0.0.0 Safari/537.36', 1, 1),
	(178, '2025-09-20 03:33:55', '186.122.0.159', 'Mozilla/5.0 (Windows NT 10.0; Win64; x64) AppleWebKit/537.36 (KHTML, like Gecko) Chrome/140.0.0.0 Safari/537.36', 1, 1),
	(179, '2025-09-20 03:40:56', '186.122.0.159', 'Mozilla/5.0 (Windows NT 10.0; Win64; x64) AppleWebKit/537.36 (KHTML, like Gecko) Chrome/140.0.0.0 Safari/537.36', 1, 1),
	(180, '2025-09-20 03:41:43', '186.122.0.159', 'Mozilla/5.0 (Windows NT 10.0; Win64; x64) AppleWebKit/537.36 (KHTML, like Gecko) Chrome/140.0.0.0 Safari/537.36', 1, 1),
	(181, '2025-09-20 03:41:56', '186.122.0.159', 'Mozilla/5.0 (Windows NT 10.0; Win64; x64) AppleWebKit/537.36 (KHTML, like Gecko) Chrome/140.0.0.0 Safari/537.36', 1, 1),
	(182, '2025-09-20 03:42:17', '186.122.0.159', 'Mozilla/5.0 (Windows NT 10.0; Win64; x64) AppleWebKit/537.36 (KHTML, like Gecko) Chrome/140.0.0.0 Safari/537.36', 1, 1),
	(183, '2025-09-20 03:45:37', '186.122.0.159', 'Mozilla/5.0 (Windows NT 10.0; Win64; x64) AppleWebKit/537.36 (KHTML, like Gecko) Chrome/140.0.0.0 Safari/537.36', 1, 1),
	(184, '2025-09-20 03:59:04', '186.122.0.159', 'Mozilla/5.0 (Windows NT 10.0; Win64; x64) AppleWebKit/537.36 (KHTML, like Gecko) Chrome/140.0.0.0 Safari/537.36', 1, 1),
	(185, '2025-09-20 03:59:30', '186.122.0.159', 'Mozilla/5.0 (Windows NT 10.0; Win64; x64) AppleWebKit/537.36 (KHTML, like Gecko) Chrome/140.0.0.0 Safari/537.36', 1, 1),
	(186, '2025-09-20 04:02:02', '186.122.0.159', 'Mozilla/5.0 (Windows NT 10.0; Win64; x64) AppleWebKit/537.36 (KHTML, like Gecko) Chrome/140.0.0.0 Safari/537.36', 1, 1),
	(187, '2025-09-20 14:10:34', '186.122.0.159', 'Mozilla/5.0 (Windows NT 10.0; Win64; x64) AppleWebKit/537.36 (KHTML, like Gecko) Chrome/140.0.0.0 Safari/537.36', 1, 1),
	(188, '2025-09-20 14:14:38', '186.122.0.159', 'Mozilla/5.0 (Windows NT 10.0; Win64; x64) AppleWebKit/537.36 (KHTML, like Gecko) Chrome/140.0.0.0 Safari/537.36', 1, 1),
	(189, '2025-09-20 14:16:18', '186.122.0.159', 'Mozilla/5.0 (Windows NT 10.0; Win64; x64) AppleWebKit/537.36 (KHTML, like Gecko) Chrome/140.0.0.0 Safari/537.36', 1, 1),
	(190, '2025-09-20 14:20:59', '186.122.0.159', 'Mozilla/5.0 (Windows NT 10.0; Win64; x64) AppleWebKit/537.36 (KHTML, like Gecko) Chrome/140.0.0.0 Safari/537.36', 1, 1),
	(191, '2025-09-20 14:21:02', '186.122.0.159', 'Mozilla/5.0 (Windows NT 10.0; Win64; x64) AppleWebKit/537.36 (KHTML, like Gecko) Chrome/140.0.0.0 Safari/537.36', 1, 1),
	(192, '2025-09-20 14:24:04', '186.122.0.159', 'Mozilla/5.0 (Windows NT 10.0; Win64; x64) AppleWebKit/537.36 (KHTML, like Gecko) Chrome/140.0.0.0 Safari/537.36', 1, 1),
	(193, '2025-09-20 14:24:34', '186.122.0.159', 'Mozilla/5.0 (Windows NT 10.0; Win64; x64) AppleWebKit/537.36 (KHTML, like Gecko) Chrome/140.0.0.0 Safari/537.36', 1, 1),
	(194, '2025-09-20 14:25:02', '186.122.0.159', 'Mozilla/5.0 (Windows NT 10.0; Win64; x64) AppleWebKit/537.36 (KHTML, like Gecko) Chrome/140.0.0.0 Safari/537.36', 1, 1),
	(195, '2025-09-20 14:25:37', '186.122.0.159', 'Mozilla/5.0 (Windows NT 10.0; Win64; x64) AppleWebKit/537.36 (KHTML, like Gecko) Chrome/140.0.0.0 Safari/537.36', 1, 1),
	(196, '2025-09-20 14:44:09', '186.122.0.159', 'Mozilla/5.0 (Windows NT 10.0; Win64; x64) AppleWebKit/537.36 (KHTML, like Gecko) Chrome/140.0.0.0 Safari/537.36', 1, 1),
	(197, '2025-09-20 14:44:58', '186.122.0.159', 'Mozilla/5.0 (Windows NT 10.0; Win64; x64) AppleWebKit/537.36 (KHTML, like Gecko) Chrome/140.0.0.0 Safari/537.36', 1, 27),
	(198, '2025-09-20 14:45:16', '186.122.0.159', 'Mozilla/5.0 (Windows NT 10.0; Win64; x64) AppleWebKit/537.36 (KHTML, like Gecko) Chrome/140.0.0.0 Safari/537.36', 1, 1),
	(199, '2025-09-20 15:18:00', '186.122.0.159', 'Mozilla/5.0 (Windows NT 10.0; Win64; x64) AppleWebKit/537.36 (KHTML, like Gecko) Chrome/140.0.0.0 Safari/537.36', 1, 1),
	(200, '2025-09-20 15:22:08', '186.122.0.159', 'Mozilla/5.0 (Windows NT 10.0; Win64; x64) AppleWebKit/537.36 (KHTML, like Gecko) Chrome/140.0.0.0 Safari/537.36', 1, 1),
	(201, '2025-09-20 15:22:33', '186.122.0.159', 'Mozilla/5.0 (Windows NT 10.0; Win64; x64) AppleWebKit/537.36 (KHTML, like Gecko) Chrome/140.0.0.0 Safari/537.36', 1, 27),
	(202, '2025-09-20 15:25:49', '186.122.0.159', 'Mozilla/5.0 (Windows NT 10.0; Win64; x64) AppleWebKit/537.36 (KHTML, like Gecko) Chrome/140.0.0.0 Safari/537.36', 1, 1),
	(203, '2025-09-20 15:26:04', '186.122.0.159', 'Mozilla/5.0 (Windows NT 10.0; Win64; x64) AppleWebKit/537.36 (KHTML, like Gecko) Chrome/140.0.0.0 Safari/537.36', 1, 1),
	(204, '2025-09-20 15:26:50', '186.122.0.159', 'Mozilla/5.0 (Windows NT 10.0; Win64; x64) AppleWebKit/537.36 (KHTML, like Gecko) Chrome/140.0.0.0 Safari/537.36', 1, 1),
	(205, '2025-09-20 15:28:54', '186.122.0.159', 'Mozilla/5.0 (Windows NT 10.0; Win64; x64) AppleWebKit/537.36 (KHTML, like Gecko) Chrome/140.0.0.0 Safari/537.36', 1, 1),
	(206, '2025-09-20 15:29:07', '186.122.0.159', 'Mozilla/5.0 (Windows NT 10.0; Win64; x64) AppleWebKit/537.36 (KHTML, like Gecko) Chrome/140.0.0.0 Safari/537.36', 1, 27),
	(207, '2025-09-20 15:39:38', '186.122.0.159', 'Mozilla/5.0 (Windows NT 10.0; Win64; x64) AppleWebKit/537.36 (KHTML, like Gecko) Chrome/140.0.0.0 Safari/537.36', 1, 27),
	(208, '2025-09-20 15:44:54', '186.122.0.159', 'Mozilla/5.0 (Windows NT 10.0; Win64; x64) AppleWebKit/537.36 (KHTML, like Gecko) Chrome/140.0.0.0 Safari/537.36', 1, 27),
	(209, '2025-09-20 16:25:47', '186.122.0.159', 'Mozilla/5.0 (Windows NT 10.0; Win64; x64) AppleWebKit/537.36 (KHTML, like Gecko) Chrome/140.0.0.0 Safari/537.36', 1, 1),
	(210, '2025-09-20 16:26:29', '186.122.0.159', 'Mozilla/5.0 (Windows NT 10.0; Win64; x64) AppleWebKit/537.36 (KHTML, like Gecko) Chrome/140.0.0.0 Safari/537.36', 1, 27),
	(211, '2025-09-20 16:54:25', '186.122.0.159', 'Mozilla/5.0 (Windows NT 10.0; Win64; x64) AppleWebKit/537.36 (KHTML, like Gecko) Chrome/140.0.0.0 Safari/537.36', 1, 27),
	(212, '2025-09-20 18:18:15', '186.122.0.159', 'Mozilla/5.0 (Windows NT 10.0; Win64; x64) AppleWebKit/537.36 (KHTML, like Gecko) Chrome/140.0.0.0 Safari/537.36', 1, 1),
	(213, '2025-09-20 18:18:28', '186.122.0.159', 'Mozilla/5.0 (Windows NT 10.0; Win64; x64) AppleWebKit/537.36 (KHTML, like Gecko) Chrome/140.0.0.0 Safari/537.36', 2, 27),
	(214, '2025-09-20 18:18:30', '186.122.0.159', 'Mozilla/5.0 (Windows NT 10.0; Win64; x64) AppleWebKit/537.36 (KHTML, like Gecko) Chrome/140.0.0.0 Safari/537.36', 1, 27),
	(215, '2025-09-20 18:32:12', '186.122.0.159', 'Mozilla/5.0 (Windows NT 10.0; Win64; x64) AppleWebKit/537.36 (KHTML, like Gecko) Chrome/140.0.0.0 Safari/537.36', 1, 1),
	(216, '2025-09-21 20:59:37', '186.122.0.159', 'Mozilla/5.0 (Windows NT 10.0; Win64; x64) AppleWebKit/537.36 (KHTML, like Gecko) Chrome/140.0.0.0 Safari/537.36', 1, 1),
	(217, '2025-09-23 18:16:42', '191.82.63.156', 'Mozilla/5.0 (Windows NT 10.0; Win64; x64) AppleWebKit/537.36 (KHTML, like Gecko) Chrome/140.0.0.0 Safari/537.36', 1, 1),
	(218, '2025-09-23 18:17:35', '191.82.63.156', 'Mozilla/5.0 (Windows NT 10.0; Win64; x64) AppleWebKit/537.36 (KHTML, like Gecko) Chrome/140.0.0.0 Safari/537.36', 2, 27),
	(219, '2025-09-23 18:17:45', '191.82.63.156', 'Mozilla/5.0 (Windows NT 10.0; Win64; x64) AppleWebKit/537.36 (KHTML, like Gecko) Chrome/140.0.0.0 Safari/537.36', 1, 27),
	(220, '2025-09-23 18:18:28', '191.82.63.156', 'Mozilla/5.0 (Windows NT 10.0; Win64; x64) AppleWebKit/537.36 (KHTML, like Gecko) Chrome/140.0.0.0 Safari/537.36', 1, 1),
	(221, '2025-09-23 19:39:50', '191.82.63.156', 'Mozilla/5.0 (Windows NT 10.0; Win64; x64) AppleWebKit/537.36 (KHTML, like Gecko) Chrome/140.0.0.0 Safari/537.36', 1, 1),
	(222, '2025-09-23 19:43:29', '191.82.63.156', 'Mozilla/5.0 (Windows NT 10.0; Win64; x64) AppleWebKit/537.36 (KHTML, like Gecko) Chrome/140.0.0.0 Safari/537.36', 1, 27),
	(223, '2025-09-23 19:50:30', '54.86.50.139', 'PostmanRuntime/7.47.1', 1, 1),
	(224, '2025-09-23 20:06:04', '186.143.202.10', 'Mozilla/5.0 (Windows NT 10.0; Win64; x64) AppleWebKit/537.36 (KHTML, like Gecko) Chrome/140.0.0.0 Safari/537.36', 1, 1),
	(225, '2025-09-23 20:12:07', '186.143.202.10', 'Mozilla/5.0 (Windows NT 10.0; Win64; x64) AppleWebKit/537.36 (KHTML, like Gecko) Chrome/140.0.0.0 Safari/537.36', 1, 1),
	(226, '2025-09-23 20:12:22', '186.143.202.10', 'Mozilla/5.0 (Windows NT 10.0; Win64; x64) AppleWebKit/537.36 (KHTML, like Gecko) Chrome/140.0.0.0 Safari/537.36', 1, 1),
	(227, '2025-09-23 20:13:46', '191.82.63.156', 'Mozilla/5.0 (Windows NT 10.0; Win64; x64) AppleWebKit/537.36 (KHTML, like Gecko) Chrome/140.0.0.0 Safari/537.36', 1, 1),
	(228, '2025-09-27 19:33:08', '192.168.1.1', 'PostmanRuntime/7.46.1', 1, 1),
	(229, '2025-09-27 19:33:19', '191.82.254.128', 'PostmanRuntime/7.46.1', 1, 1),
	(230, '2025-09-27 19:33:31', '54.86.50.139', 'PostmanRuntime/7.48.0', 1, 1),
	(231, '2025-09-27 19:42:59', '191.82.254.128', 'Mozilla/5.0 (Windows NT 10.0; Win64; x64) AppleWebKit/537.36 (KHTML, like Gecko) Chrome/140.0.0.0 Safari/537.36', 1, 1),
	(232, '2025-09-27 19:43:50', '192.168.1.1', 'PostmanRuntime/7.46.1', 1, 1),
	(233, '2025-09-27 21:31:39', '192.168.1.1', 'Mozilla/5.0 (Windows NT 10.0; Win64; x64) AppleWebKit/537.36 (KHTML, like Gecko) Chrome/138.0.0.0 Safari/537.36 OPR/122.0.0.0', 1, 1),
	(234, '2025-09-30 19:38:24', '190.15.206.25', 'Mozilla/5.0 (Windows NT 10.0; Win64; x64) AppleWebKit/537.36 (KHTML, like Gecko) Chrome/140.0.0.0 Safari/537.36', 1, 1),
	(235, '2025-09-30 19:45:25', '190.15.206.25', 'Mozilla/5.0 (Windows NT 10.0; Win64; x64) AppleWebKit/537.36 (KHTML, like Gecko) Chrome/140.0.0.0 Safari/537.36', 1, 1),
	(242, '2025-09-30 20:32:17', '186.143.199.2', 'Mozilla/5.0 (Windows NT 10.0; Win64; x64) AppleWebKit/537.36 (KHTML, like Gecko) Chrome/140.0.0.0 Safari/537.36', 1, 1),
	(243, '2025-09-30 20:33:13', '190.15.206.25', 'Mozilla/5.0 (Windows NT 10.0; Win64; x64) AppleWebKit/537.36 (KHTML, like Gecko) Chrome/140.0.0.0 Safari/537.36', 1, 1),
	(244, '2025-10-07 18:23:28', '191.82.202.129', 'Mozilla/5.0 (Windows NT 10.0; Win64; x64) AppleWebKit/537.36 (KHTML, like Gecko) Chrome/141.0.0.0 Safari/537.36', 1, 1),
	(245, '2025-10-07 18:58:40', '192.168.1.1', 'Mozilla/5.0 (Windows NT 10.0; Win64; x64) AppleWebKit/537.36 (KHTML, like Gecko) Chrome/138.0.0.0 Safari/537.36 OPR/122.0.0.0', 1, 1),
	(246, '2025-10-07 18:59:31', '192.168.1.1', 'PostmanRuntime/7.48.0', 1, 1),
	(247, '2025-10-07 19:16:50', '186.122.0.159', 'Mozilla/5.0 (Windows NT 10.0; Win64; x64) AppleWebKit/537.36 (KHTML, like Gecko) Chrome/141.0.0.0 Safari/537.36', 1, 1),
	(248, '2025-10-07 19:22:35', '192.168.1.1', 'Mozilla/5.0 (Windows NT 10.0; Win64; x64) AppleWebKit/537.36 (KHTML, like Gecko) Chrome/138.0.0.0 Safari/537.36 OPR/122.0.0.0', 2, 28),
	(249, '2025-10-07 19:22:37', '192.168.1.1', 'Mozilla/5.0 (Windows NT 10.0; Win64; x64) AppleWebKit/537.36 (KHTML, like Gecko) Chrome/138.0.0.0 Safari/537.36 OPR/122.0.0.0', 2, 28),
	(250, '2025-10-07 19:22:40', '192.168.1.1', 'Mozilla/5.0 (Windows NT 10.0; Win64; x64) AppleWebKit/537.36 (KHTML, like Gecko) Chrome/138.0.0.0 Safari/537.36 OPR/122.0.0.0', 2, 28),
	(251, '2025-10-07 19:22:57', '192.168.1.1', 'Mozilla/5.0 (Windows NT 10.0; Win64; x64) AppleWebKit/537.36 (KHTML, like Gecko) Chrome/138.0.0.0 Safari/537.36 OPR/122.0.0.0', 1, 28),
	(252, '2025-10-07 19:28:58', '186.122.0.159', 'Mozilla/5.0 (Windows NT 10.0; Win64; x64) AppleWebKit/537.36 (KHTML, like Gecko) Chrome/141.0.0.0 Safari/537.36', 1, 1),
	(253, '2025-10-07 19:29:03', '192.168.1.1', 'Mozilla/5.0 (Windows NT 10.0; Win64; x64) AppleWebKit/537.36 (KHTML, like Gecko) Chrome/138.0.0.0 Safari/537.36 OPR/122.0.0.0', 1, 1),
	(254, '2025-10-07 19:52:10', '186.122.0.159', 'Mozilla/5.0 (Windows NT 10.0; Win64; x64) AppleWebKit/537.36 (KHTML, like Gecko) Chrome/141.0.0.0 Safari/537.36', 1, 1),
	(255, '2025-10-07 19:59:23', '186.122.0.159', 'Mozilla/5.0 (Windows NT 10.0; Win64; x64) AppleWebKit/537.36 (KHTML, like Gecko) Chrome/141.0.0.0 Safari/537.36', 1, 1),
	(256, '2025-10-07 20:05:02', '186.122.0.159', 'Mozilla/5.0 (Windows NT 10.0; Win64; x64) AppleWebKit/537.36 (KHTML, like Gecko) Chrome/141.0.0.0 Safari/537.36', 1, 1),
	(257, '2025-10-07 21:28:24', '186.122.0.159', 'Mozilla/5.0 (Windows NT 10.0; Win64; x64) AppleWebKit/537.36 (KHTML, like Gecko) Chrome/141.0.0.0 Safari/537.36', 1, 1),
	(258, '2025-10-07 21:31:15', '186.122.0.159', 'Mozilla/5.0 (Windows NT 10.0; Win64; x64) AppleWebKit/537.36 (KHTML, like Gecko) Chrome/141.0.0.0 Safari/537.36', 1, 1),
	(259, '2025-10-07 21:31:38', '186.122.0.159', 'Mozilla/5.0 (Windows NT 10.0; Win64; x64) AppleWebKit/537.36 (KHTML, like Gecko) Chrome/141.0.0.0 Safari/537.36', 2, 28),
	(260, '2025-10-07 21:31:46', '186.122.0.159', 'Mozilla/5.0 (Windows NT 10.0; Win64; x64) AppleWebKit/537.36 (KHTML, like Gecko) Chrome/141.0.0.0 Safari/537.36', 1, 28),
	(261, '2025-10-08 14:31:30', '190.220.154.44', 'Mozilla/5.0 (Windows NT 10.0; Win64; x64) AppleWebKit/537.36 (KHTML, like Gecko) Chrome/141.0.0.0 Safari/537.36', 1, 1),
	(266, '2025-10-08 14:32:08', '190.220.154.44', 'Mozilla/5.0 (Windows NT 10.0; Win64; x64) AppleWebKit/537.36 (KHTML, like Gecko) Chrome/141.0.0.0 Safari/537.36', 1, 28),
	(267, '2025-10-08 15:06:11', '190.220.154.44', 'Mozilla/5.0 (Windows NT 10.0; Win64; x64) AppleWebKit/537.36 (KHTML, like Gecko) Chrome/141.0.0.0 Safari/537.36', 1, 1),
	(268, '2025-10-10 17:54:02', '191.82.202.129', 'Mozilla/5.0 (Windows NT 10.0; Win64; x64) AppleWebKit/537.36 (KHTML, like Gecko) Chrome/141.0.0.0 Safari/537.36', 1, 1),
	(269, '2025-10-10 17:55:19', '192.168.1.1', 'Mozilla/5.0 (Windows NT 10.0; Win64; x64) AppleWebKit/537.36 (KHTML, like Gecko) Chrome/138.0.0.0 Safari/537.36 OPR/122.0.0.0', 1, 1),
	(271, '2025-10-10 18:00:43', '191.82.202.129', 'Mozilla/5.0 (Windows NT 10.0; Win64; x64) AppleWebKit/537.36 (KHTML, like Gecko) Chrome/141.0.0.0 Safari/537.36', 1, 27),
	(272, '2025-10-10 18:31:52', '192.168.1.1', 'Mozilla/5.0 (Windows NT 10.0; Win64; x64) AppleWebKit/537.36 (KHTML, like Gecko) Chrome/138.0.0.0 Safari/537.36 OPR/122.0.0.0', 1, 27),
	(273, '2025-10-10 19:07:22', '191.82.202.129', 'Mozilla/5.0 (Windows NT 10.0; Win64; x64) AppleWebKit/537.36 (KHTML, like Gecko) Chrome/141.0.0.0 Safari/537.36', 1, 1),
	(276, '2025-10-10 19:07:39', '191.82.202.129', 'Mozilla/5.0 (Windows NT 10.0; Win64; x64) AppleWebKit/537.36 (KHTML, like Gecko) Chrome/141.0.0.0 Safari/537.36', 1, 27),
	(277, '2025-10-10 19:08:32', '191.82.202.129', 'Mozilla/5.0 (Windows NT 10.0; Win64; x64) AppleWebKit/537.36 (KHTML, like Gecko) Chrome/141.0.0.0 Safari/537.36', 1, 1),
	(278, '2025-10-10 19:09:53', '191.82.202.129', 'Mozilla/5.0 (Windows NT 10.0; Win64; x64) AppleWebKit/537.36 (KHTML, like Gecko) Chrome/141.0.0.0 Safari/537.36', 1, 27),
	(279, '2025-10-11 13:18:20', '191.82.202.129', 'Mozilla/5.0 (Windows NT 10.0; Win64; x64) AppleWebKit/537.36 (KHTML, like Gecko) Chrome/141.0.0.0 Safari/537.36', 1, 1),
	(280, '2025-10-11 13:27:36', '191.82.202.129', 'Mozilla/5.0 (Windows NT 10.0; Win64; x64) AppleWebKit/537.36 (KHTML, like Gecko) Chrome/141.0.0.0 Safari/537.36', 1, 1),
	(281, '2025-10-11 14:05:25', '191.82.202.129', 'Mozilla/5.0 (Windows NT 10.0; Win64; x64) AppleWebKit/537.36 (KHTML, like Gecko) Chrome/141.0.0.0 Safari/537.36', 1, 1),
	(282, '2025-10-11 14:23:50', '191.82.202.129', 'Mozilla/5.0 (Windows NT 10.0; Win64; x64) AppleWebKit/537.36 (KHTML, like Gecko) Chrome/141.0.0.0 Safari/537.36', 1, 1),
	(283, '2025-10-12 14:50:26', '186.122.0.159', 'Mozilla/5.0 (Windows NT 10.0; Win64; x64) AppleWebKit/537.36 (KHTML, like Gecko) Chrome/141.0.0.0 Safari/537.36', 1, 1),
	(284, '2025-10-12 14:51:24', '186.122.0.159', 'Mozilla/5.0 (Windows NT 10.0; Win64; x64) AppleWebKit/537.36 (KHTML, like Gecko) Chrome/141.0.0.0 Safari/537.36', 2, 27),
	(285, '2025-10-12 14:51:42', '186.122.0.159', 'Mozilla/5.0 (Windows NT 10.0; Win64; x64) AppleWebKit/537.36 (KHTML, like Gecko) Chrome/141.0.0.0 Safari/537.36', 2, 27),
	(286, '2025-10-12 14:51:48', '186.122.0.159', 'Mozilla/5.0 (Windows NT 10.0; Win64; x64) AppleWebKit/537.36 (KHTML, like Gecko) Chrome/141.0.0.0 Safari/537.36', 2, 27),
	(287, '2025-10-12 14:51:53', '186.122.0.159', 'Mozilla/5.0 (Windows NT 10.0; Win64; x64) AppleWebKit/537.36 (KHTML, like Gecko) Chrome/141.0.0.0 Safari/537.36', 2, 27),
	(288, '2025-10-12 14:52:04', '186.122.0.159', 'Mozilla/5.0 (Windows NT 10.0; Win64; x64) AppleWebKit/537.36 (KHTML, like Gecko) Chrome/141.0.0.0 Safari/537.36', 1, 28),
	(289, '2025-10-12 15:02:55', '186.122.0.159', 'Mozilla/5.0 (Windows NT 10.0; Win64; x64) AppleWebKit/537.36 (KHTML, like Gecko) Chrome/141.0.0.0 Safari/537.36', 2, 27),
	(290, '2025-10-12 15:03:07', '186.122.0.159', 'Mozilla/5.0 (Windows NT 10.0; Win64; x64) AppleWebKit/537.36 (KHTML, like Gecko) Chrome/141.0.0.0 Safari/537.36', 1, 27),
	(291, '2025-10-12 15:26:17', '54.86.50.139', 'PostmanRuntime/7.48.0', 1, 1),
	(292, '2025-10-12 15:27:48', '186.122.0.159', 'Mozilla/5.0 (Windows NT 10.0; Win64; x64) AppleWebKit/537.36 (KHTML, like Gecko) Chrome/141.0.0.0 Safari/537.36', 1, 1),
	(293, '2025-10-12 15:28:14', '186.122.0.159', 'Mozilla/5.0 (Windows NT 10.0; Win64; x64) AppleWebKit/537.36 (KHTML, like Gecko) Chrome/141.0.0.0 Safari/537.36', 1, 27),
	(294, '2025-10-12 16:24:10', '186.122.0.159', 'Mozilla/5.0 (Windows NT 10.0; Win64; x64) AppleWebKit/537.36 (KHTML, like Gecko) Chrome/141.0.0.0 Safari/537.36', 1, 28),
	(295, '2025-10-12 17:10:30', '186.122.0.159', 'Mozilla/5.0 (Windows NT 10.0; Win64; x64) AppleWebKit/537.36 (KHTML, like Gecko) Chrome/141.0.0.0 Safari/537.36', 1, 27),
	(296, '2025-10-12 17:14:21', '186.122.0.159', 'Mozilla/5.0 (Windows NT 10.0; Win64; x64) AppleWebKit/537.36 (KHTML, like Gecko) Chrome/141.0.0.0 Safari/537.36', 1, 1),
	(297, '2025-10-12 17:34:28', '186.122.0.159', 'Mozilla/5.0 (Windows NT 10.0; Win64; x64) AppleWebKit/537.36 (KHTML, like Gecko) Chrome/141.0.0.0 Safari/537.36', 1, 1),
	(298, '2025-10-12 17:34:37', '186.122.0.159', 'Mozilla/5.0 (Windows NT 10.0; Win64; x64) AppleWebKit/537.36 (KHTML, like Gecko) Chrome/141.0.0.0 Safari/537.36', 1, 27),
	(299, '2025-10-12 18:00:47', '186.122.0.159', 'Mozilla/5.0 (Windows NT 10.0; Win64; x64) AppleWebKit/537.36 (KHTML, like Gecko) Chrome/141.0.0.0 Safari/537.36', 1, 28),
	(300, '2025-10-12 18:01:33', '186.122.0.159', 'Mozilla/5.0 (Windows NT 10.0; Win64; x64) AppleWebKit/537.36 (KHTML, like Gecko) Chrome/141.0.0.0 Safari/537.36', 1, 27),
	(301, '2025-10-12 18:01:58', '186.122.0.159', 'Mozilla/5.0 (Windows NT 10.0; Win64; x64) AppleWebKit/537.36 (KHTML, like Gecko) Chrome/141.0.0.0 Safari/537.36', 1, 28),
	(302, '2025-10-12 18:50:35', '186.122.0.159', 'Mozilla/5.0 (Windows NT 10.0; Win64; x64) AppleWebKit/537.36 (KHTML, like Gecko) Chrome/141.0.0.0 Safari/537.36', 1, 27),
	(303, '2025-10-12 18:51:02', '186.122.0.159', 'Mozilla/5.0 (Windows NT 10.0; Win64; x64) AppleWebKit/537.36 (KHTML, like Gecko) Chrome/141.0.0.0 Safari/537.36', 1, 1),
	(307, '2025-10-12 18:51:26', '186.122.0.159', 'Mozilla/5.0 (Windows NT 10.0; Win64; x64) AppleWebKit/537.36 (KHTML, like Gecko) Chrome/141.0.0.0 Safari/537.36', 1, 27),
	(308, '2025-10-12 18:51:54', '186.122.0.159', 'Mozilla/5.0 (Windows NT 10.0; Win64; x64) AppleWebKit/537.36 (KHTML, like Gecko) Chrome/141.0.0.0 Safari/537.36', 1, 28),
	(309, '2025-10-12 18:57:16', '186.122.0.159', 'Mozilla/5.0 (Windows NT 10.0; Win64; x64) AppleWebKit/537.36 (KHTML, like Gecko) Code/1.104.3 Chrome/138.0.7204.235 Electron/37.3.1 Safari/537.36', 1, 28),
	(310, '2025-10-12 19:13:20', '186.122.0.159', 'Mozilla/5.0 (Windows NT 10.0; Win64; x64) AppleWebKit/537.36 (KHTML, like Gecko) Chrome/141.0.0.0 Safari/537.36', 1, 27),
	(311, '2025-10-12 19:13:43', '186.122.0.159', 'Mozilla/5.0 (Windows NT 10.0; Win64; x64) AppleWebKit/537.36 (KHTML, like Gecko) Chrome/141.0.0.0 Safari/537.36', 1, 28),
	(312, '2025-10-12 20:21:10', '186.122.0.159', 'Mozilla/5.0 (Windows NT 10.0; Win64; x64) AppleWebKit/537.36 (KHTML, like Gecko) Chrome/141.0.0.0 Safari/537.36', 1, 28),
	(313, '2025-10-12 21:09:22', '186.122.0.159', 'Mozilla/5.0 (Windows NT 10.0; Win64; x64) AppleWebKit/537.36 (KHTML, like Gecko) Chrome/141.0.0.0 Safari/537.36', 1, 28),
	(314, '2025-10-12 21:09:49', '186.122.0.159', 'Mozilla/5.0 (Windows NT 10.0; Win64; x64) AppleWebKit/537.36 (KHTML, like Gecko) Chrome/141.0.0.0 Safari/537.36', 1, 1),
	(315, '2025-10-13 14:08:52', '190.220.154.44', 'Mozilla/5.0 (Windows NT 10.0; Win64; x64) AppleWebKit/537.36 (KHTML, like Gecko) Chrome/141.0.0.0 Safari/537.36', 1, 28),
	(316, '2025-10-13 14:26:52', '190.220.154.44', 'Mozilla/5.0 (Windows NT 10.0; Win64; x64) AppleWebKit/537.36 (KHTML, like Gecko) Chrome/141.0.0.0 Safari/537.36', 1, 1),
	(317, '2025-10-13 14:28:08', '190.220.154.44', 'Mozilla/5.0 (Windows NT 10.0; Win64; x64) AppleWebKit/537.36 (KHTML, like Gecko) Chrome/141.0.0.0 Safari/537.36', 1, 27),
	(318, '2025-10-13 14:29:50', '190.220.154.44', 'Mozilla/5.0 (Windows NT 10.0; Win64; x64) AppleWebKit/537.36 (KHTML, like Gecko) Chrome/141.0.0.0 Safari/537.36', 1, 28),
	(319, '2025-10-13 14:52:20', '190.220.154.44', 'Mozilla/5.0 (Windows NT 10.0; Win64; x64) AppleWebKit/537.36 (KHTML, like Gecko) Chrome/141.0.0.0 Safari/537.36', 1, 27),
	(320, '2025-10-13 15:59:49', '190.220.154.44', 'Mozilla/5.0 (Windows NT 10.0; Win64; x64) AppleWebKit/537.36 (KHTML, like Gecko) Chrome/141.0.0.0 Safari/537.36', 1, 27),
	(321, '2025-10-13 16:27:47', '190.220.154.44', 'Mozilla/5.0 (Windows NT 10.0; Win64; x64) AppleWebKit/537.36 (KHTML, like Gecko) Chrome/141.0.0.0 Safari/537.36', 1, 1),
	(322, '2025-10-13 16:27:59', '190.220.154.44', 'Mozilla/5.0 (Windows NT 10.0; Win64; x64) AppleWebKit/537.36 (KHTML, like Gecko) Chrome/141.0.0.0 Safari/537.36', 1, 27),
	(323, '2025-10-13 16:36:27', '134.231.35.69', 'Mozilla/5.0 (X11; Linux x86_64) AppleWebKit/537.36 (KHTML, like Gecko) Chrome/141.0.0.0 Safari/537.36', 1, 41),
	(324, '2025-10-13 16:45:53', '134.231.35.69', 'Mozilla/5.0 (X11; Linux x86_64) AppleWebKit/537.36 (KHTML, like Gecko) Chrome/141.0.0.0 Safari/537.36', 1, 41),
	(325, '2025-10-13 16:50:02', '190.220.154.44', 'Mozilla/5.0 (Windows NT 10.0; Win64; x64) AppleWebKit/537.36 (KHTML, like Gecko) Chrome/141.0.0.0 Safari/537.36', 1, 27),
	(327, '2025-10-13 18:12:13', '191.82.223.32', 'Mozilla/5.0 (Windows NT 10.0; Win64; x64) AppleWebKit/537.36 (KHTML, like Gecko) Chrome/141.0.0.0 Safari/537.36', 1, 27),
	(328, '2025-10-13 18:32:44', '192.168.1.1', 'Mozilla/5.0 (Windows NT 10.0; Win64; x64) AppleWebKit/537.36 (KHTML, like Gecko) Chrome/138.0.0.0 Safari/537.36 OPR/122.0.0.0', 1, 27),
	(329, '2025-10-13 19:12:47', '191.82.223.32', 'Mozilla/5.0 (Windows NT 10.0; Win64; x64) AppleWebKit/537.36 (KHTML, like Gecko) Chrome/141.0.0.0 Safari/537.36', 1, 27),
	(330, '2025-10-13 19:13:41', '191.82.223.32', 'Mozilla/5.0 (Windows NT 10.0; Win64; x64) AppleWebKit/537.36 (KHTML, like Gecko) Chrome/141.0.0.0 Safari/537.36', 1, 1),
	(331, '2025-10-13 23:05:16', '186.122.0.159', 'Mozilla/5.0 (Windows NT 10.0; Win64; x64) AppleWebKit/537.36 (KHTML, like Gecko) Chrome/141.0.0.0 Safari/537.36', 1, 1),
	(332, '2025-10-13 23:05:28', '186.122.0.159', 'Mozilla/5.0 (Windows NT 10.0; Win64; x64) AppleWebKit/537.36 (KHTML, like Gecko) Chrome/141.0.0.0 Safari/537.36', 1, 27),
	(333, '2025-10-13 23:07:07', '54.86.50.139', 'PostmanRuntime/7.48.0', 1, 1),
	(334, '2025-10-13 23:10:48', '186.122.0.159', 'Mozilla/5.0 (Windows NT 10.0; Win64; x64) AppleWebKit/537.36 (KHTML, like Gecko) Chrome/141.0.0.0 Safari/537.36', 1, 28),
	(335, '2025-10-13 23:11:43', '186.122.0.159', 'Mozilla/5.0 (Windows NT 10.0; Win64; x64) AppleWebKit/537.36 (KHTML, like Gecko) Chrome/141.0.0.0 Safari/537.36', 1, 27),
	(336, '2025-10-13 23:45:49', '186.122.0.159', 'Mozilla/5.0 (Windows NT 10.0; Win64; x64) AppleWebKit/537.36 (KHTML, like Gecko) Chrome/141.0.0.0 Safari/537.36', 1, 27),
	(337, '2025-10-13 23:57:11', '186.122.0.159', 'Mozilla/5.0 (Windows NT 10.0; Win64; x64) AppleWebKit/537.36 (KHTML, like Gecko) Chrome/141.0.0.0 Safari/537.36', 1, 27),
	(338, '2025-10-14 00:31:02', '186.122.0.159', 'Mozilla/5.0 (Windows NT 10.0; Win64; x64) AppleWebKit/537.36 (KHTML, like Gecko) Chrome/141.0.0.0 Safari/537.36', 1, 28),
	(339, '2025-10-14 00:32:48', '186.122.0.159', 'Mozilla/5.0 (Windows NT 10.0; Win64; x64) AppleWebKit/537.36 (KHTML, like Gecko) Chrome/141.0.0.0 Safari/537.36', 1, 27),
	(340, '2025-10-14 01:41:14', '192.168.1.1', 'Mozilla/5.0 (Windows NT 10.0; Win64; x64) AppleWebKit/537.36 (KHTML, like Gecko) Chrome/138.0.0.0 Safari/537.36 OPR/122.0.0.0', 1, 27),
	(341, '2025-10-14 02:50:25', '134.231.35.69', 'Mozilla/5.0 (X11; Linux x86_64) AppleWebKit/537.36 (KHTML, like Gecko) Chrome/141.0.0.0 Safari/537.36', 1, 1),
	(342, '2025-10-14 02:50:42', '134.231.35.69', 'Mozilla/5.0 (X11; Linux x86_64) AppleWebKit/537.36 (KHTML, like Gecko) Chrome/141.0.0.0 Safari/537.36', 1, 41),
	(343, '2025-10-14 03:34:25', '134.231.35.69', 'Mozilla/5.0 (X11; Linux x86_64) AppleWebKit/537.36 (KHTML, like Gecko) Chrome/141.0.0.0 Safari/537.36', 1, 41),
	(344, '2025-10-14 03:38:35', '134.231.35.69', 'Mozilla/5.0 (X11; Linux x86_64) AppleWebKit/537.36 (KHTML, like Gecko) Chrome/141.0.0.0 Safari/537.36', 1, 41),
	(345, '2025-10-14 03:38:45', '134.231.35.69', 'Mozilla/5.0 (X11; Linux x86_64) AppleWebKit/537.36 (KHTML, like Gecko) Chrome/141.0.0.0 Safari/537.36', 1, 41),
	(346, '2025-10-14 04:00:35', '134.231.35.69', 'Mozilla/5.0 (X11; Linux x86_64) AppleWebKit/537.36 (KHTML, like Gecko) Chrome/141.0.0.0 Safari/537.36', 1, 41),
	(347, '2025-10-14 13:04:26', '190.220.154.44', 'Mozilla/5.0 (Windows NT 10.0; Win64; x64) AppleWebKit/537.36 (KHTML, like Gecko) Chrome/141.0.0.0 Safari/537.36', 1, 27),
	(348, '2025-10-14 13:05:09', '190.220.154.44', 'Mozilla/5.0 (Windows NT 10.0; Win64; x64) AppleWebKit/537.36 (KHTML, like Gecko) Chrome/141.0.0.0 Safari/537.36', 1, 28),
	(349, '2025-10-14 13:09:41', '190.220.154.44', 'Mozilla/5.0 (Windows NT 10.0; Win64; x64) AppleWebKit/537.36 (KHTML, like Gecko) Chrome/141.0.0.0 Safari/537.36', 1, 27),
	(350, '2025-10-14 13:09:54', '190.220.154.44', 'Mozilla/5.0 (Windows NT 10.0; Win64; x64) AppleWebKit/537.36 (KHTML, like Gecko) Chrome/141.0.0.0 Safari/537.36', 1, 1),
	(351, '2025-10-14 13:10:03', '190.220.154.44', 'Mozilla/5.0 (Windows NT 10.0; Win64; x64) AppleWebKit/537.36 (KHTML, like Gecko) Chrome/141.0.0.0 Safari/537.36', 1, 28),
	(352, '2025-10-14 13:18:09', '190.220.154.44', 'Mozilla/5.0 (Windows NT 10.0; Win64; x64) AppleWebKit/537.36 (KHTML, like Gecko) Chrome/141.0.0.0 Safari/537.36', 1, 28),
	(353, '2025-10-14 13:52:30', '191.82.223.32', 'Mozilla/5.0 (Windows NT 10.0; Win64; x64) AppleWebKit/537.36 (KHTML, like Gecko) Chrome/141.0.0.0 Safari/537.36', 1, 1),
	(354, '2025-10-14 13:52:34', '191.82.223.32', 'Mozilla/5.0 (Windows NT 10.0; Win64; x64) AppleWebKit/537.36 (KHTML, like Gecko) Chrome/141.0.0.0 Safari/537.36', 1, 1),
	(360, '2025-10-14 14:16:35', '192.168.1.1', 'Mozilla/5.0 (Windows NT 10.0; Win64; x64) AppleWebKit/537.36 (KHTML, like Gecko) Chrome/138.0.0.0 Safari/537.36 OPR/122.0.0.0', 1, 1),
	(361, '2025-10-14 14:32:27', '192.168.1.1', 'Mozilla/5.0 (Windows NT 10.0; Win64; x64) AppleWebKit/537.36 (KHTML, like Gecko) Chrome/138.0.0.0 Safari/537.36 OPR/122.0.0.0', 1, 1),
	(362, '2025-10-14 14:32:35', '192.168.1.1', 'Mozilla/5.0 (Windows NT 10.0; Win64; x64) AppleWebKit/537.36 (KHTML, like Gecko) Chrome/138.0.0.0 Safari/537.36 OPR/122.0.0.0', 1, 1),
	(363, '2025-10-14 14:33:01', '192.168.1.1', 'Mozilla/5.0 (Windows NT 10.0; Win64; x64) AppleWebKit/537.36 (KHTML, like Gecko) Chrome/138.0.0.0 Safari/537.36 OPR/122.0.0.0', 1, 27),
	(364, '2025-10-14 14:34:07', '192.168.1.1', 'Mozilla/5.0 (Windows NT 10.0; Win64; x64) AppleWebKit/537.36 (KHTML, like Gecko) Chrome/138.0.0.0 Safari/537.36 OPR/122.0.0.0', 1, 1),
	(366, '2025-10-14 14:40:00', '192.168.1.1', 'Mozilla/5.0 (Windows NT 10.0; Win64; x64) AppleWebKit/537.36 (KHTML, like Gecko) Chrome/138.0.0.0 Safari/537.36 OPR/122.0.0.0', 1, 1),
	(367, '2025-10-14 14:42:59', '192.168.1.1', 'Mozilla/5.0 (Windows NT 10.0; Win64; x64) AppleWebKit/537.36 (KHTML, like Gecko) Chrome/138.0.0.0 Safari/537.36 OPR/122.0.0.0', 1, 27),
	(370, '2025-10-14 15:02:08', '192.168.1.1', 'Mozilla/5.0 (Windows NT 10.0; Win64; x64) AppleWebKit/537.36 (KHTML, like Gecko) Chrome/138.0.0.0 Safari/537.36 OPR/122.0.0.0', 1, 1),
	(371, '2025-10-14 15:02:24', '192.168.1.1', 'Mozilla/5.0 (Windows NT 10.0; Win64; x64) AppleWebKit/537.36 (KHTML, like Gecko) Chrome/138.0.0.0 Safari/537.36 OPR/122.0.0.0', 1, 888),
	(372, '2025-10-14 15:07:17', '192.168.1.1', 'Mozilla/5.0 (Windows NT 10.0; Win64; x64) AppleWebKit/537.36 (KHTML, like Gecko) Chrome/138.0.0.0 Safari/537.36 OPR/122.0.0.0', 1, 27),
	(373, '2025-10-14 15:09:30', '192.168.1.1', 'Mozilla/5.0 (Windows NT 10.0; Win64; x64) AppleWebKit/537.36 (KHTML, like Gecko) Chrome/138.0.0.0 Safari/537.36 OPR/122.0.0.0', 1, 1),
	(374, '2025-10-14 15:09:32', '192.168.1.1', 'Mozilla/5.0 (Windows NT 10.0; Win64; x64) AppleWebKit/537.36 (KHTML, like Gecko) Chrome/138.0.0.0 Safari/537.36 OPR/122.0.0.0', 1, 888),
	(376, '2025-10-14 16:00:51', '190.220.154.44', 'Mozilla/5.0 (Windows NT 10.0; Win64; x64) AppleWebKit/537.36 (KHTML, like Gecko) Chrome/141.0.0.0 Safari/537.36', 1, 1),
	(377, '2025-10-14 16:01:09', '190.220.154.44', 'Mozilla/5.0 (Windows NT 10.0; Win64; x64) AppleWebKit/537.36 (KHTML, like Gecko) Chrome/141.0.0.0 Safari/537.36', 1, 27),
	(378, '2025-10-14 16:02:01', '190.220.154.44', 'Mozilla/5.0 (Windows NT 10.0; Win64; x64) AppleWebKit/537.36 (KHTML, like Gecko) Chrome/141.0.0.0 Safari/537.36', 1, 28),
	(379, '2025-10-14 16:03:16', '190.220.154.44', 'Mozilla/5.0 (Windows NT 10.0; Win64; x64) AppleWebKit/537.36 (KHTML, like Gecko) Chrome/141.0.0.0 Safari/537.36', 1, 27),
	(380, '2025-10-14 16:04:24', '190.220.154.44', 'Mozilla/5.0 (Windows NT 10.0; Win64; x64) AppleWebKit/537.36 (KHTML, like Gecko) Chrome/141.0.0.0 Safari/537.36', 1, 28),
	(383, '2025-10-14 16:33:58', '191.82.223.32', 'Mozilla/5.0 (Windows NT 10.0; Win64; x64) AppleWebKit/537.36 (KHTML, like Gecko) Chrome/141.0.0.0 Safari/537.36', 1, 888),
	(384, '2025-10-14 17:34:47', '192.168.1.1', 'Mozilla/5.0 (Windows NT 10.0; Win64; x64) AppleWebKit/537.36 (KHTML, like Gecko) Chrome/138.0.0.0 Safari/537.36 OPR/122.0.0.0', 1, 27),
	(385, '2025-10-14 17:35:18', '191.82.223.32', 'Mozilla/5.0 (Windows NT 10.0; Win64; x64) AppleWebKit/537.36 (KHTML, like Gecko) Chrome/141.0.0.0 Safari/537.36', 1, 1),
	(386, '2025-10-14 17:35:20', '192.168.1.1', 'Mozilla/5.0 (Windows NT 10.0; Win64; x64) AppleWebKit/537.36 (KHTML, like Gecko) Chrome/138.0.0.0 Safari/537.36 OPR/122.0.0.0', 1, 1),
	(387, '2025-10-14 17:36:43', '191.82.223.32', 'Mozilla/5.0 (Windows NT 10.0; Win64; x64) AppleWebKit/537.36 (KHTML, like Gecko) Chrome/141.0.0.0 Safari/537.36', 1, 27),
	(388, '2025-10-14 17:38:32', '191.82.223.32', 'Mozilla/5.0 (Windows NT 10.0; Win64; x64) AppleWebKit/537.36 (KHTML, like Gecko) Chrome/141.0.0.0 Safari/537.36', 1, 888),
	(389, '2025-10-14 17:40:36', '191.82.223.32', 'Mozilla/5.0 (Windows NT 10.0; Win64; x64) AppleWebKit/537.36 (KHTML, like Gecko) Chrome/141.0.0.0 Safari/537.36', 1, 888),
	(390, '2025-10-14 17:40:45', '191.82.223.32', 'Mozilla/5.0 (Windows NT 10.0; Win64; x64) AppleWebKit/537.36 (KHTML, like Gecko) Chrome/141.0.0.0 Safari/537.36', 1, 27),
	(391, '2025-10-14 17:40:50', '192.168.1.1', 'Mozilla/5.0 (Windows NT 10.0; Win64; x64) AppleWebKit/537.36 (KHTML, like Gecko) Chrome/138.0.0.0 Safari/537.36 OPR/122.0.0.0', 1, 27),
	(392, '2025-10-14 17:51:01', '191.82.223.32', 'Mozilla/5.0 (Windows NT 10.0; Win64; x64) AppleWebKit/537.36 (KHTML, like Gecko) Chrome/141.0.0.0 Safari/537.36', 1, 1),
	(394, '2025-10-14 17:58:55', '192.168.1.1', 'Mozilla/5.0 (Windows NT 10.0; Win64; x64) AppleWebKit/537.36 (KHTML, like Gecko) Chrome/138.0.0.0 Safari/537.36 OPR/122.0.0.0', 1, 27),
	(395, '2025-10-14 18:02:45', '192.168.1.1', 'Mozilla/5.0 (Windows NT 10.0; Win64; x64) AppleWebKit/537.36 (KHTML, like Gecko) Chrome/138.0.0.0 Safari/537.36 OPR/122.0.0.0', 1, 1),
	(396, '2025-10-14 18:20:32', '192.168.1.1', 'Mozilla/5.0 (Windows NT 10.0; Win64; x64) AppleWebKit/537.36 (KHTML, like Gecko) Chrome/138.0.0.0 Safari/537.36 OPR/122.0.0.0', 1, 888),
	(397, '2025-10-14 18:21:11', '192.168.1.1', 'Mozilla/5.0 (Windows NT 10.0; Win64; x64) AppleWebKit/537.36 (KHTML, like Gecko) Chrome/138.0.0.0 Safari/537.36 OPR/122.0.0.0', 1, 1),
	(398, '2025-10-14 18:21:14', '192.168.1.1', 'Mozilla/5.0 (Windows NT 10.0; Win64; x64) AppleWebKit/537.36 (KHTML, like Gecko) Chrome/138.0.0.0 Safari/537.36 OPR/122.0.0.0', 1, 888),
	(399, '2025-10-14 18:21:24', '192.168.1.1', 'Mozilla/5.0 (Windows NT 10.0; Win64; x64) AppleWebKit/537.36 (KHTML, like Gecko) Chrome/138.0.0.0 Safari/537.36 OPR/122.0.0.0', 1, 888),
	(400, '2025-10-14 18:22:01', '192.168.1.1', 'Mozilla/5.0 (Windows NT 10.0; Win64; x64) AppleWebKit/537.36 (KHTML, like Gecko) Chrome/138.0.0.0 Safari/537.36 OPR/122.0.0.0', 1, 1),
	(407, '2025-10-14 18:41:37', '191.82.223.32', 'Mozilla/5.0 (Windows NT 10.0; Win64; x64) AppleWebKit/537.36 (KHTML, like Gecko) Chrome/141.0.0.0 Safari/537.36', 1, 888),
	(408, '2025-10-14 18:41:44', '191.82.223.32', 'Mozilla/5.0 (Windows NT 10.0; Win64; x64) AppleWebKit/537.36 (KHTML, like Gecko) Chrome/141.0.0.0 Safari/537.36', 1, 1),
	(409, '2025-10-14 18:42:10', '191.82.223.32', 'Mozilla/5.0 (Windows NT 10.0; Win64; x64) AppleWebKit/537.36 (KHTML, like Gecko) Chrome/141.0.0.0 Safari/537.36', 1, 888),
	(410, '2025-10-14 18:51:13', '192.168.1.1', 'Mozilla/5.0 (Windows NT 10.0; Win64; x64) AppleWebKit/537.36 (KHTML, like Gecko) Chrome/138.0.0.0 Safari/537.36 OPR/122.0.0.0', 1, 888),
	(411, '2025-10-14 19:01:12', '192.168.1.1', 'Mozilla/5.0 (Windows NT 10.0; Win64; x64) AppleWebKit/537.36 (KHTML, like Gecko) Chrome/141.0.0.0 Safari/537.36', 1, 1),
	(412, '2025-10-14 19:01:26', '192.168.1.1', 'Mozilla/5.0 (Windows NT 10.0; Win64; x64) AppleWebKit/537.36 (KHTML, like Gecko) Chrome/138.0.0.0 Safari/537.36 OPR/122.0.0.0', 1, 1),
	(413, '2025-10-14 19:01:32', '192.168.1.1', 'Mozilla/5.0 (Windows NT 10.0; Win64; x64) AppleWebKit/537.36 (KHTML, like Gecko) Chrome/138.0.0.0 Safari/537.36 OPR/122.0.0.0', 1, 888),
	(414, '2025-10-14 19:10:22', '192.168.1.1', 'Mozilla/5.0 (Windows NT 10.0; Win64; x64) AppleWebKit/537.36 (KHTML, like Gecko) Chrome/138.0.0.0 Safari/537.36 OPR/122.0.0.0', 1, 888),
	(415, '2025-10-14 19:12:13', '192.168.1.1', 'Mozilla/5.0 (Windows NT 10.0; Win64; x64) AppleWebKit/537.36 (KHTML, like Gecko) Chrome/138.0.0.0 Safari/537.36 OPR/122.0.0.0', 1, 888),
	(416, '2025-10-14 19:12:21', '192.168.1.1', 'Mozilla/5.0 (Windows NT 10.0; Win64; x64) AppleWebKit/537.36 (KHTML, like Gecko) Chrome/138.0.0.0 Safari/537.36 OPR/122.0.0.0', 1, 888),
	(417, '2025-10-14 19:45:58', '190.15.206.25', 'Mozilla/5.0 (Windows NT 10.0; Win64; x64) AppleWebKit/537.36 (KHTML, like Gecko) Chrome/141.0.0.0 Safari/537.36', 1, 1),
	(418, '2025-10-14 19:47:40', '186.141.203.58', 'Mozilla/5.0 (Windows NT 10.0; Win64; x64) AppleWebKit/537.36 (KHTML, like Gecko) Chrome/141.0.0.0 Safari/537.36', 1, 27),
	(419, '2025-10-14 19:51:50', '186.141.203.58', 'Mozilla/5.0 (Windows NT 10.0; Win64; x64) AppleWebKit/537.36 (KHTML, like Gecko) Chrome/141.0.0.0 Safari/537.36', 1, 888),
	(420, '2025-10-14 20:03:33', '186.141.203.58', 'Mozilla/5.0 (Windows NT 10.0; Win64; x64) AppleWebKit/537.36 (KHTML, like Gecko) Chrome/141.0.0.0 Safari/537.36', 1, 1),
	(422, '2025-10-14 20:09:02', '186.141.203.58', 'Mozilla/5.0 (Windows NT 10.0; Win64; x64) AppleWebKit/537.36 (KHTML, like Gecko) Chrome/141.0.0.0 Safari/537.36', 1, 27),
	(424, '2025-10-14 20:13:34', '190.15.206.25', 'Mozilla/5.0 (Windows NT 10.0; Win64; x64) AppleWebKit/537.36 (KHTML, like Gecko) Chrome/141.0.0.0 Safari/537.36', 1, 1),
	(426, '2025-10-14 20:14:46', '190.15.206.25', 'Mozilla/5.0 (Windows NT 10.0; Win64; x64) AppleWebKit/537.36 (KHTML, like Gecko) Chrome/141.0.0.0 Safari/537.36', 1, 1),
	(427, '2025-10-14 20:34:05', '190.15.206.25', 'Mozilla/5.0 (Windows NT 10.0; Win64; x64) AppleWebKit/537.36 (KHTML, like Gecko) Chrome/141.0.0.0 Safari/537.36', 1, 1),
	(428, '2025-10-14 20:35:56', '190.15.206.25', 'Mozilla/5.0 (Windows NT 10.0; Win64; x64) AppleWebKit/537.36 (KHTML, like Gecko) Chrome/141.0.0.0 Safari/537.36', 1, 890),
	(429, '2025-10-14 20:39:04', '190.15.206.25', 'Mozilla/5.0 (Windows NT 10.0; Win64; x64) AppleWebKit/537.36 (KHTML, like Gecko) Chrome/141.0.0.0 Safari/537.36', 1, 27),
	(430, '2025-10-14 20:40:18', '190.15.206.25', 'Mozilla/5.0 (Windows NT 10.0; Win64; x64) AppleWebKit/537.36 (KHTML, like Gecko) Chrome/141.0.0.0 Safari/537.36', 1, 888),
	(431, '2025-10-14 20:43:25', '190.15.206.25', 'Mozilla/5.0 (Windows NT 10.0; Win64; x64) AppleWebKit/537.36 (KHTML, like Gecko) Chrome/141.0.0.0 Safari/537.36', 1, 888),
	(432, '2025-10-20 18:21:03', '192.168.1.1', 'Mozilla/5.0 (Windows NT 10.0; Win64; x64) AppleWebKit/537.36 (KHTML, like Gecko) Chrome/138.0.0.0 Safari/537.36 OPR/122.0.0.0', 1, 1),
	(433, '2025-10-20 18:22:38', '192.168.1.1', 'Mozilla/5.0 (Windows NT 10.0; Win64; x64) AppleWebKit/537.36 (KHTML, like Gecko) Chrome/138.0.0.0 Safari/537.36 OPR/122.0.0.0', 1, 27),
	(434, '2025-10-20 18:23:23', '192.168.1.1', 'Mozilla/5.0 (Windows NT 10.0; Win64; x64) AppleWebKit/537.36 (KHTML, like Gecko) Chrome/138.0.0.0 Safari/537.36 OPR/122.0.0.0', 1, 1),
	(435, '2025-10-20 18:31:58', '190.114.210.162', 'Mozilla/5.0 (Windows NT 10.0; Win64; x64) AppleWebKit/537.36 (KHTML, like Gecko) Chrome/141.0.0.0 Safari/537.36', 1, 1),
	(436, '2025-10-20 19:10:56', '192.168.1.1', 'Mozilla/5.0 (Windows NT 10.0; Win64; x64) AppleWebKit/537.36 (KHTML, like Gecko) Chrome/138.0.0.0 Safari/537.36 OPR/122.0.0.0', 1, 1),
	(437, '2025-10-20 19:35:23', '192.168.1.1', 'Mozilla/5.0 (Windows NT 10.0; Win64; x64) AppleWebKit/537.36 (KHTML, like Gecko) Chrome/138.0.0.0 Safari/537.36 OPR/122.0.0.0', 1, 1),
	(438, '2025-10-20 19:55:03', '190.15.220.52', 'Mozilla/5.0 (Windows NT 10.0; Win64; x64; rv:144.0) Gecko/20100101 Firefox/144.0', 1, 1),
	(439, '2025-10-20 20:36:48', '192.168.1.1', 'Mozilla/5.0 (Windows NT 10.0; Win64; x64) AppleWebKit/537.36 (KHTML, like Gecko) Chrome/138.0.0.0 Safari/537.36 OPR/122.0.0.0', 1, 1),
	(440, '2025-10-20 20:44:13', '190.15.220.52', 'Mozilla/5.0 (Windows NT 10.0; Win64; x64; rv:144.0) Gecko/20100101 Firefox/144.0', 2, 1),
	(441, '2025-10-20 20:55:37', '190.15.220.52', 'Mozilla/5.0 (Windows NT 10.0; Win64; x64; rv:144.0) Gecko/20100101 Firefox/144.0', 2, 1),
	(442, '2025-10-20 20:56:21', '190.15.220.52', 'Mozilla/5.0 (Windows NT 10.0; Win64; x64; rv:144.0) Gecko/20100101 Firefox/144.0', 1, 1),
	(443, '2025-10-20 21:05:24', '192.168.1.1', 'Mozilla/5.0 (Windows NT 10.0; Win64; x64) AppleWebKit/537.36 (KHTML, like Gecko) Chrome/138.0.0.0 Safari/537.36 OPR/122.0.0.0', 1, 1),
	(444, '2025-10-20 21:10:58', '192.168.1.1', 'Mozilla/5.0 (Windows NT 10.0; Win64; x64) AppleWebKit/537.36 (KHTML, like Gecko) Chrome/138.0.0.0 Safari/537.36 OPR/122.0.0.0', 2, 28),
	(445, '2025-10-20 21:11:03', '192.168.1.1', 'Mozilla/5.0 (Windows NT 10.0; Win64; x64) AppleWebKit/537.36 (KHTML, like Gecko) Chrome/138.0.0.0 Safari/537.36 OPR/122.0.0.0', 2, 28),
	(446, '2025-10-20 21:11:35', '192.168.1.1', 'Mozilla/5.0 (Windows NT 10.0; Win64; x64) AppleWebKit/537.36 (KHTML, like Gecko) Chrome/138.0.0.0 Safari/537.36 OPR/122.0.0.0', 1, 28);

-- Volcando estructura para tabla ovo.institucion
CREATE TABLE IF NOT EXISTS `institucion` (
  `idInstitucion` int(11) NOT NULL AUTO_INCREMENT,
  `idTipoInstitucion` int(11) NOT NULL,
  `idLocalidad` int(11) DEFAULT NULL,
  `idUsuario` int(11) DEFAULT NULL,
  `anioFundacion` int(11) NOT NULL,
  `codigoPostal` int(11) NOT NULL,
  `nombreInstitucion` varchar(50) NOT NULL,
  `CUIT` bigint(20) NOT NULL DEFAULT 0,
  `direccion` varchar(50) NOT NULL,
  `fechaAlta` datetime NOT NULL DEFAULT current_timestamp(),
  `siglaInstitucion` varchar(50) NOT NULL,
  `telefono` varchar(50) NOT NULL,
  `mail` varchar(50) NOT NULL,
  `sitioWeb` text NOT NULL,
  `urlLogo` text NOT NULL,
  PRIMARY KEY (`idInstitucion`),
  KEY `FK_institucion_tipoinstitucion` (`idTipoInstitucion`),
  KEY `FK_institucion_localidad` (`idLocalidad`),
  KEY `FK_institucion_usuario` (`idUsuario`),
  CONSTRAINT `FK_institucion_localidad` FOREIGN KEY (`idLocalidad`) REFERENCES `localidad` (`idLocalidad`) ON DELETE SET NULL ON UPDATE CASCADE,
  CONSTRAINT `FK_institucion_tipoinstitucion` FOREIGN KEY (`idTipoInstitucion`) REFERENCES `tipoinstitucion` (`idTipoInstitucion`) ON UPDATE CASCADE,
  CONSTRAINT `FK_institucion_usuario` FOREIGN KEY (`idUsuario`) REFERENCES `usuario` (`idUsuario`) ON UPDATE CASCADE
) ENGINE=InnoDB AUTO_INCREMENT=33 DEFAULT CHARSET=utf8mb4 COLLATE=utf8mb4_general_ci;

-- Volcando datos para la tabla ovo.institucion: ~3 rows (aproximadamente)
INSERT INTO `institucion` (`idInstitucion`, `idTipoInstitucion`, `idLocalidad`, `idUsuario`, `anioFundacion`, `codigoPostal`, `nombreInstitucion`, `CUIT`, `direccion`, `fechaAlta`, `siglaInstitucion`, `telefono`, `mail`, `sitioWeb`, `urlLogo`) VALUES
	(1, 1, 723, 27, 2200, 5500, 'UTN', 30524698505, 'Rodriguez 273', '2025-09-14 22:05:31', 'UTN', '123123123', 'utn@utn.com', 'https://utn.edu.ar/es', 'https://www.google.com/url?sa=i&url=https%3A%2F%2Fes.wikipedia.org%2Fwiki%2FUniversidad_Tecnol%25C3%25B3gica_Nacional&psig=AOvVaw00ZCjOHfykSpzkeF3iLgFO&ust=1760540886498000&source=images&cd=vfe&opi=89978449&ved=0CBIQjRxqFwoTCOjrppH8o5ADFQAAAAAdAAAAABAE'),
	(28, 4, 3267, 35, 2312, 5519, 'CUYO', 30524589214, 'calle falsa 123', '2025-09-30 20:31:40', 'MDZ', '22323232', 'cuyo@cuyo.com', 'DFSAFA', 'FDSAFA'),
	(31, 4, 92, 890, 1952, 5519, 'HOLA SOY UNA INSTITUCION', 20304050607, '25 de mayonesa', '2025-10-14 17:50:37', 'HSUI', '2616967816', 'ignaciobufarini@gmail.com', 'https://github.com/', 'https://github.com/');

-- Volcando estructura para tabla ovo.institucionestado
CREATE TABLE IF NOT EXISTS `institucionestado` (
  `idinstitucionEstado` int(11) NOT NULL AUTO_INCREMENT,
  `idEstadoInstitucion` int(11) NOT NULL,
  `idInstitucion` int(11) NOT NULL,
  `fechaInicio` datetime NOT NULL DEFAULT current_timestamp(),
  `fechaFin` datetime DEFAULT NULL,
  `justificacion` text DEFAULT NULL,
  PRIMARY KEY (`idinstitucionEstado`),
  KEY `FK_institucionestado_estadoinstitucion` (`idEstadoInstitucion`),
  KEY `FK_institucionestado_institucion` (`idInstitucion`),
  CONSTRAINT `FK_institucionestado_estadoinstitucion` FOREIGN KEY (`idEstadoInstitucion`) REFERENCES `estadoinstitucion` (`idEstadoInstitucion`) ON DELETE CASCADE ON UPDATE CASCADE,
  CONSTRAINT `FK_institucionestado_institucion` FOREIGN KEY (`idInstitucion`) REFERENCES `institucion` (`idInstitucion`) ON DELETE CASCADE ON UPDATE CASCADE
) ENGINE=InnoDB AUTO_INCREMENT=31 DEFAULT CHARSET=utf8mb4 COLLATE=utf8mb4_general_ci;

-- Volcando datos para la tabla ovo.institucionestado: ~5 rows (aproximadamente)
INSERT INTO `institucionestado` (`idinstitucionEstado`, `idEstadoInstitucion`, `idInstitucion`, `fechaInicio`, `fechaFin`, `justificacion`) VALUES
	(2, 1, 1, '2025-09-30 19:59:23', NULL, NULL),
	(6, 5, 28, '2025-09-30 20:31:40', '2025-09-30 20:35:19', NULL),
	(7, 1, 28, '2025-09-30 20:35:19', NULL, NULL),
	(21, 5, 31, '2025-10-14 17:51:16', '2025-10-14 20:35:08', NULL),
	(30, 1, 31, '2025-10-14 20:35:08', NULL, NULL);

-- Volcando estructura para tabla ovo.interesusuariocarrera
CREATE TABLE IF NOT EXISTS `interesusuariocarrera` (
  `fechaAlta` datetime NOT NULL DEFAULT current_timestamp(),
  `fechaFin` datetime DEFAULT NULL,
  `idUsuario` int(11) DEFAULT NULL,
  `idCarreraInstitucion` int(11) DEFAULT NULL,
  KEY `FK_interesusuariocarrera_usuario` (`idUsuario`),
  KEY `FK_interesusuariocarrera_carrerainstitucion` (`idCarreraInstitucion`),
  CONSTRAINT `FK_interesusuariocarrera_carrerainstitucion` FOREIGN KEY (`idCarreraInstitucion`) REFERENCES `carrerainstitucion` (`idCarreraInstitucion`) ON DELETE CASCADE ON UPDATE CASCADE,
  CONSTRAINT `FK_interesusuariocarrera_usuario` FOREIGN KEY (`idUsuario`) REFERENCES `usuario` (`idUsuario`) ON DELETE CASCADE ON UPDATE CASCADE
) ENGINE=InnoDB DEFAULT CHARSET=utf8mb4 COLLATE=utf8mb4_general_ci;

-- Volcando datos para la tabla ovo.interesusuariocarrera: ~9 rows (aproximadamente)
INSERT INTO `interesusuariocarrera` (`fechaAlta`, `fechaFin`, `idUsuario`, `idCarreraInstitucion`) VALUES
	('2025-09-14 22:07:56', '2025-09-27 20:23:21', 1, 1),
	('2025-09-14 22:08:10', '2025-09-14 22:08:16', 1, 1),
	('2025-09-27 20:24:05', '2025-09-27 20:24:09', 1, 1),
	('2025-09-27 20:27:39', '2025-09-27 20:27:41', 1, 1),
	('2025-10-12 20:22:12', '2025-10-12 20:25:16', 1, 1),
	('2025-10-12 20:24:11', NULL, 28, 1),
	('2025-10-14 15:09:38', NULL, 888, 2),
	('2025-10-14 15:10:01', NULL, 888, 1),
	('2025-10-14 16:02:22', NULL, 28, 3);

-- Volcando estructura para tabla ovo.localidad
CREATE TABLE IF NOT EXISTS `localidad` (
  `idLocalidad` int(11) NOT NULL AUTO_INCREMENT,
  `nombreLocalidad` varchar(50) NOT NULL,
  `idProvincia` int(11) NOT NULL,
  PRIMARY KEY (`idLocalidad`),
  KEY `FK_localidad_provincia` (`idProvincia`),
  CONSTRAINT `FK_localidad_provincia` FOREIGN KEY (`idProvincia`) REFERENCES `provincia` (`idProvincia`) ON DELETE CASCADE ON UPDATE CASCADE
) ENGINE=InnoDB AUTO_INCREMENT=3981 DEFAULT CHARSET=utf8mb4 COLLATE=utf8mb4_general_ci;

-- Volcando datos para la tabla ovo.localidad: ~3.549 rows (aproximadamente)
INSERT INTO `localidad` (`idLocalidad`, `nombreLocalidad`, `idProvincia`) VALUES
	(1, 'Alajuela', 111),
	(2, 'San Ram贸n', 111),
	(3, 'Grecia', 111),
	(4, 'San Mateo', 111),
	(5, 'Atenas', 111),
	(6, 'Naranjo', 111),
	(7, 'Palmares', 111),
	(8, 'Po谩s', 111),
	(9, 'Orotina', 111),
	(10, 'San Carlos', 111),
	(11, 'Zarcero', 111),
	(12, 'Sarch铆', 111),
	(13, 'Upala', 111),
	(14, 'Los Chiles', 111),
	(15, 'Guatuso', 111),
	(16, 'R铆o Cuarto', 111),
	(17, 'Cartago', 112),
	(18, 'Para铆so', 112),
	(19, 'La Uni贸n', 112),
	(20, 'Jim茅nez', 112),
	(21, 'Turrialba', 112),
	(22, 'Alvarado', 112),
	(23, 'Oreamuno', 112),
	(24, 'El Guarco', 112),
	(25, 'Heredia', 113),
	(26, 'Barva', 113),
	(27, 'Santo Domingo', 113),
	(28, 'Santa B谩rbara', 113),
	(29, 'San Rafael', 113),
	(30, 'San Isidro', 113),
	(31, 'Bel茅n', 113),
	(32, 'Flores', 113),
	(33, 'San Pablo', 113),
	(34, 'Sarapiqu铆', 113),
	(35, 'Liberia', 114),
	(36, 'Nicoya', 114),
	(37, 'Santa Cruz', 114),
	(38, 'Bagaces', 114),
	(39, 'Carrillo', 114),
	(40, 'Ca帽as', 114),
	(41, 'Abangares', 114),
	(42, 'Tilar谩n', 114),
	(43, 'Nandayure', 114),
	(44, 'La Cruz', 114),
	(45, 'Hojancha', 114),
	(46, 'Puntarenas', 115),
	(47, 'Esparza', 115),
	(48, 'Buenos Aires', 115),
	(49, 'Montes de Oro', 115),
	(50, 'Osa', 115),
	(51, 'Quepos', 115),
	(52, 'Golfito', 115),
	(53, 'Coto Brus', 115),
	(54, 'Parrita', 115),
	(55, 'Corredores', 115),
	(56, 'Garabito', 115),
	(57, 'Lim贸n', 116),
	(58, 'Pococ铆', 116),
	(59, 'Siquirres', 116),
	(60, 'Talamanca', 116),
	(61, 'Matina', 116),
	(62, 'Gu谩cimo', 116),
	(63, 'Santa Ana Norte', 158),
	(64, 'Santa Ana Centro', 158),
	(65, 'Santa Ana Este', 158),
	(66, 'Santa Ana Oeste', 158),
	(67, 'Sonsonate Norte', 159),
	(68, 'Sonsonate Centro', 159),
	(69, 'Sonsonate Este', 159),
	(70, 'Sonsonate Oeste', 159),
	(71, 'Chalatenango Norte', 160),
	(72, 'Chalatenango Centro', 160),
	(73, 'Chalatenango Sur', 160),
	(74, 'La Libertad Norte', 161),
	(75, 'La Libertad Centro', 161),
	(76, 'La Libertad Oeste', 161),
	(77, 'La Libertad Este', 161),
	(78, 'La Libertad Costa', 161),
	(79, 'La Libertad Sur', 161),
	(80, 'San Salvador Norte', 162),
	(81, 'San Salvador Oeste', 162),
	(82, 'San Salvador Este', 162),
	(83, 'San Salvador Centro', 162),
	(84, 'San Salvador Sur', 162),
	(85, 'Cuscatl谩n Norte', 163),
	(86, 'Cuscatl谩n Sur', 163),
	(87, 'La Paz Oeste', 164),
	(88, 'La Paz Centro', 164),
	(89, 'La Paz Este', 164),
	(90, 'Caba帽as Este', 165),
	(91, 'Caba帽as Oeste', 165),
	(92, 'San Vicente Norte', 166),
	(93, 'San Vicente Sur', 166),
	(94, 'Usulut谩n Norte', 167),
	(95, 'Usulut谩n Este', 167),
	(96, 'Usulut谩n Oeste', 167),
	(97, 'San Miguel Norte', 168),
	(98, 'San Miguel Centro', 168),
	(99, 'San Miguel Oeste', 168),
	(100, 'Moraz谩n Norte', 169),
	(101, 'Moraz谩n Sur', 169),
	(102, 'La Uni贸n Norte', 170),
	(103, 'La Uni贸n Sur', 170),
	(104, 'Arica', 61),
	(105, 'Camarones', 61),
	(106, 'Putre', 61),
	(107, 'General Lagos', 61),
	(108, 'Iquique', 62),
	(109, 'Alto Hospicio', 62),
	(110, 'Pozo Almonte', 62),
	(111, 'Cami帽a', 62),
	(112, 'Colchane', 62),
	(113, 'Huara', 62),
	(114, 'Pica', 62),
	(115, 'Antofagasta', 63),
	(116, 'Mejillones', 63),
	(117, 'Sierra Gorda', 63),
	(118, 'Taltal', 63),
	(119, 'Calama', 63),
	(120, 'Ollag眉e', 63),
	(121, 'San Pedro de Atacama', 63),
	(122, 'Tocopilla', 63),
	(123, 'Mar铆a Elena', 63),
	(124, 'Copiap贸', 64),
	(125, 'Caldera', 64),
	(126, 'Tierra Amarilla', 64),
	(127, 'Cha帽aral', 64),
	(128, 'Diego de Almagro', 64),
	(129, 'Vallenar', 64),
	(130, 'Alto del Carmen', 64),
	(131, 'Freirina', 64),
	(132, 'Huasco', 64),
	(133, 'La Serena', 65),
	(134, 'Coquimbo', 65),
	(135, 'Andacollo', 65),
	(136, 'La Higuera', 65),
	(137, 'Paihuano', 65),
	(138, 'Vicu帽a', 65),
	(139, 'Ovalle', 65),
	(140, 'Combarbal谩', 65),
	(141, 'Monte Patria', 65),
	(142, 'Punitaqui', 65),
	(143, 'R铆o Hurtado', 65),
	(144, 'Illapel', 65),
	(145, 'Canela', 65),
	(146, 'Los Vilos', 65),
	(147, 'Salamanca', 65),
	(148, 'Valpara铆so', 66),
	(149, 'Vi帽a del Mar', 66),
	(150, 'Conc贸n', 66),
	(151, 'Quintero', 66),
	(152, 'Puchuncav铆', 66),
	(153, 'Casablanca', 66),
	(154, 'Juan Fern谩ndez', 66),
	(155, 'Isla de Pascua', 66),
	(156, 'Quillota', 66),
	(157, 'La Calera', 66),
	(158, 'Hijuelas', 66),
	(159, 'La Cruz', 66),
	(160, 'Nogales', 66),
	(161, 'San Antonio', 66),
	(162, 'Cartagena', 66),
	(163, 'El Quisco', 66),
	(164, 'El Tabo', 66),
	(165, 'Santo Domingo', 66),
	(166, 'San Felipe', 66),
	(167, 'Catemu', 66),
	(168, 'Llaillay', 66),
	(169, 'Panquehue', 66),
	(170, 'Putaendo', 66),
	(171, 'Santa Mar铆a', 66),
	(172, 'Los Andes', 66),
	(173, 'Calle Larga', 66),
	(174, 'Rinconada', 66),
	(175, 'San Esteban', 66),
	(176, 'La Ligua', 66),
	(177, 'Cabildo', 66),
	(178, 'Papudo', 66),
	(179, 'Petorca', 66),
	(180, 'Zapallar', 66),
	(181, 'Quilpu茅', 66),
	(182, 'Villa Alemana', 66),
	(183, 'Limache', 66),
	(184, 'Olmu茅', 66),
	(185, 'Santiago', 67),
	(186, 'Cerrillos', 67),
	(187, 'Cerro Navia', 67),
	(188, 'Conchal铆', 67),
	(189, 'El Bosque', 67),
	(190, 'Estaci贸n Central', 67),
	(191, 'Huechuraba', 67),
	(192, 'Independencia', 67),
	(193, 'La Cisterna', 67),
	(194, 'La Granja', 67),
	(195, 'La Florida', 67),
	(196, 'La Pintana', 67),
	(197, 'La Reina', 67),
	(198, 'Las Condes', 67),
	(199, 'Lo Barnechea', 67),
	(200, 'Lo Espejo', 67),
	(201, 'Lo Prado', 67),
	(202, 'Macul', 67),
	(203, 'Maip煤', 67),
	(204, 'u帽oa', 67),
	(205, 'Pedro Aguirre Cerda', 67),
	(206, 'Pe帽alol茅n', 67),
	(207, 'Providencia', 67),
	(208, 'Pudahuel', 67),
	(209, 'Quilicura', 67),
	(210, 'Quinta Normal', 67),
	(211, 'Recoleta', 67),
	(212, 'Renca', 67),
	(213, 'San Joaqu铆n', 67),
	(214, 'San Miguel', 67),
	(215, 'San Ram贸n', 67),
	(216, 'Vitacura', 67),
	(217, 'Colina', 67),
	(218, 'Lampa', 67),
	(219, 'Tiltil', 67),
	(220, 'Puente Alto', 67),
	(221, 'Pirque', 67),
	(222, 'San Jos茅 de Maipo', 67),
	(223, 'San Bernardo', 67),
	(224, 'Buin', 67),
	(225, 'Paine', 67),
	(226, 'Calera de Tango', 67),
	(227, 'Melipilla', 67),
	(228, 'Alhu茅', 67),
	(229, 'Curacav铆', 67),
	(230, 'Mar铆a Pinto', 67),
	(231, 'San Pedro', 67),
	(232, 'Talagante', 67),
	(233, 'El Monte', 67),
	(234, 'Isla de Maipo', 67),
	(235, 'Padre Hurtado', 67),
	(236, 'Pe帽aflor', 67),
	(237, 'Rancagua', 68),
	(238, 'Graneros', 68),
	(239, 'Machal铆', 68),
	(240, 'Codegua', 68),
	(241, 'Mostazal', 68),
	(242, 'Requ铆noa', 68),
	(243, 'Rengo', 68),
	(244, 'Malloa', 68),
	(245, 'San Vicente', 68),
	(246, 'Pichidegua', 68),
	(247, 'Peumo', 68),
	(248, 'Las Cabras', 68),
	(249, 'Coltauco', 68),
	(250, 'Do帽ihue', 68),
	(251, 'Olivar', 68),
	(252, 'Coinco', 68),
	(253, 'Quinta de Tilcoco', 68),
	(254, 'San Fernando', 68),
	(255, 'Chimbarongo', 68),
	(256, 'Nancagua', 68),
	(257, 'Placilla', 68),
	(258, 'Santa Cruz', 68),
	(259, 'Palmilla', 68),
	(260, 'Peralillo', 68),
	(261, 'Pumanque', 68),
	(262, 'Lolol', 68),
	(263, 'Pichilemu', 68),
	(264, 'La Estrella', 68),
	(265, 'Litueche', 68),
	(266, 'Marchig眉e', 68),
	(267, 'Navidad', 68),
	(268, 'Paredones', 68),
	(269, 'Piedra Blanca', 68),
	(270, 'Talca', 69),
	(271, 'San Clemente', 69),
	(272, 'Pelarco', 69),
	(273, 'Pencahue', 69),
	(274, 'Maule', 69),
	(275, 'San Rafael', 69),
	(276, 'Curepto', 69),
	(277, 'Constituci贸n', 69),
	(278, 'Curic贸', 69),
	(279, 'Teno', 69),
	(280, 'Romeral', 69),
	(281, 'Molina', 69),
	(282, 'Sagrada Familia', 69),
	(283, 'Rauco', 69),
	(284, 'Huala帽茅', 69),
	(285, 'Licant茅n', 69),
	(286, 'Vichuqu茅n', 69),
	(287, 'Linares', 69),
	(288, 'San Javier', 69),
	(289, 'Villa Alegre', 69),
	(290, 'Yerbas Buenas', 69),
	(291, 'Colb煤n', 69),
	(292, 'Longav铆', 69),
	(293, 'Parral', 69),
	(294, 'Retiro', 69),
	(295, 'Cauquenes', 69),
	(296, 'Pelluhue', 69),
	(297, 'Chanco', 69),
	(298, 'Sauzal', 69),
	(299, 'Quirihue', 69),
	(300, 'Bulnes', 70),
	(301, 'Chill谩n', 70),
	(302, 'Chill谩n Viejo', 70),
	(303, 'El Carmen', 70),
	(304, 'Pemuco', 70),
	(305, 'Pinto', 70),
	(306, 'Quill贸n', 70),
	(307, 'San Ignacio', 70),
	(308, 'Yungay', 70),
	(309, 'Cobquecura', 70),
	(310, 'Coelemu', 70),
	(311, 'Ninhue', 70),
	(312, 'Portezuelo', 70),
	(313, 'Quirihue', 70),
	(314, 'R谩nquil', 70),
	(315, 'Treguaco', 70),
	(316, 'Coihueco', 70),
	(317, 'iqu茅n', 70),
	(318, 'San Carlos', 70),
	(319, 'San Fabi谩n', 70),
	(320, 'San Nicol谩s', 70),
	(321, 'Concepci贸n', 71),
	(322, 'Talcahuano', 71),
	(323, 'Hualp茅n', 71),
	(324, 'Penco', 71),
	(325, 'Tom茅', 71),
	(326, 'Chiguayante', 71),
	(327, 'San Pedro de la Paz', 71),
	(328, 'Coronel', 71),
	(329, 'Lota', 71),
	(330, 'Santa Juana', 71),
	(331, 'Hualqui', 71),
	(332, 'Arauco', 71),
	(333, 'Ca帽ete', 71),
	(334, 'Contulmo', 71),
	(335, 'Curanilahue', 71),
	(336, 'Lebu', 71),
	(337, 'Los lamos', 71),
	(338, 'Tir煤a', 71),
	(339, 'Los ngeles', 71),
	(340, 'Cabrero', 71),
	(341, 'Laja', 71),
	(342, 'Mulch茅n', 71),
	(343, 'Nacimiento', 71),
	(344, 'Negrete', 71),
	(345, 'Quilaco', 71),
	(346, 'Quilleco', 71),
	(347, 'San Rosendo', 71),
	(348, 'Santa B谩rbara', 71),
	(349, 'Tucapel', 71),
	(350, 'Yumbel', 71),
	(351, 'Alto Biob铆o', 71),
	(352, 'Temuco', 72),
	(353, 'Carahue', 72),
	(354, 'Cunco', 72),
	(355, 'Curarrehue', 72),
	(356, 'Freire', 72),
	(357, 'Galvarino', 72),
	(358, 'Gorbea', 72),
	(359, 'Lautaro', 72),
	(360, 'Loncoche', 72),
	(361, 'Melipeuco', 72),
	(362, 'Nueva Imperial', 72),
	(363, 'Padre Las Casas', 72),
	(364, 'Perquenco', 72),
	(365, 'Pitrufqu茅n', 72),
	(366, 'Puc贸n', 72),
	(367, 'Saavedra', 72),
	(368, 'Teodoro Schmidt', 72),
	(369, 'Tolt茅n', 72),
	(370, 'Vilc煤n', 72),
	(371, 'Villarrica', 72),
	(372, 'Cholchol', 72),
	(373, 'Angol', 72),
	(374, 'Collipulli', 72),
	(375, 'Curacaut铆n', 72),
	(376, 'Ercilla', 72),
	(377, 'Lonquimay', 72),
	(378, 'Los Sauces', 72),
	(379, 'Lumaco', 72),
	(380, 'Pur茅n', 72),
	(381, 'Renaico', 72),
	(382, 'Traigu茅n', 72),
	(383, 'Victoria', 72),
	(384, 'Valdivia', 73),
	(385, 'Corral', 73),
	(386, 'Lanco', 73),
	(387, 'Los Lagos', 73),
	(388, 'M谩fil', 73),
	(389, 'Mariquina', 73),
	(390, 'Paillaco', 73),
	(391, 'Panguipulli', 73),
	(392, 'La Uni贸n', 73),
	(393, 'Futrono', 73),
	(394, 'Lago Ranco', 73),
	(395, 'R铆o Bueno', 73),
	(396, 'Osorno', 74),
	(397, 'Puerto Octay', 74),
	(398, 'Purranque', 74),
	(399, 'Puyehue', 74),
	(400, 'R铆o Negro', 74),
	(401, 'San Juan de la Costa', 74),
	(402, 'San Pablo', 74),
	(403, 'Puerto Montt', 74),
	(404, 'Puerto Varas', 74),
	(405, 'Llanquihue', 74),
	(406, 'Frutillar', 74),
	(407, 'Fresia', 74),
	(408, 'Los Muermos', 74),
	(409, 'Maull铆n', 74),
	(410, 'Cocham贸', 74),
	(411, 'Castro', 74),
	(412, 'Ancud', 74),
	(413, 'Quell贸n', 74),
	(414, 'Quemchi', 74),
	(415, 'Dalcahue', 74),
	(416, 'Chonchi', 74),
	(417, 'Queil茅n', 74),
	(418, 'Puqueld贸n', 74),
	(419, 'Curaco de V茅lez', 74),
	(420, 'Quinchao', 74),
	(421, 'Futaleuf煤', 74),
	(422, 'Chait茅n', 74),
	(423, 'Hualaihu茅', 74),
	(424, 'Palena', 74),
	(425, 'Ays茅n', 74),
	(426, 'Coyhaique', 75),
	(427, 'Lago Verde', 75),
	(428, 'Ays茅n', 75),
	(429, 'Cisnes', 75),
	(430, 'Guaitecas', 75),
	(431, 'Cochrane', 75),
	(432, 'O\'Higgins', 75),
	(433, 'Tortel', 75),
	(434, 'Chile Chico', 75),
	(435, 'R铆o Ib谩帽ez', 75),
	(436, 'Punta Arenas', 76),
	(437, 'Laguna Blanca', 76),
	(438, 'R铆o Verde', 76),
	(439, 'San Gregorio', 76),
	(440, 'Natales', 76),
	(441, 'Torres del Paine', 76),
	(442, 'Porvenir', 76),
	(443, 'Primavera', 76),
	(444, 'Timaukel', 76),
	(445, 'Cabo de Hornos', 76),
	(446, 'Artigas', 349),
	(447, 'Canelones', 350),
	(448, 'Melo', 351),
	(449, 'Colonia del Sacramento', 352),
	(450, 'Durazno', 353),
	(451, 'Trinidad', 354),
	(452, 'Florida', 355),
	(453, 'Minas', 356),
	(454, 'Maldonado', 357),
	(455, 'Montevideo', 358),
	(456, 'Paysand煤', 359),
	(457, 'Fray Bentos', 360),
	(458, 'Rivera', 361),
	(459, 'Rocha', 362),
	(460, 'Salto', 363),
	(461, 'San Jos茅 de Mayo', 364),
	(462, 'Mercedes', 365),
	(463, 'Tacuaremb贸', 366),
	(464, 'Treinta y Tres', 367),
	(465, 'Fuerte Olimpo', 274),
	(466, 'Ciudad del Este', 275),
	(467, 'Pedro Juan Caballero', 276),
	(468, 'Filadelfia', 277),
	(469, 'Coronel Oviedo', 278),
	(470, 'Caazap谩', 279),
	(471, 'Salto del Guair谩', 280),
	(472, 'Aregu谩', 281),
	(473, 'Concepci贸n', 282),
	(474, 'Caacup茅', 283),
	(475, 'Villarrica', 284),
	(476, 'Encarnaci贸n', 285),
	(477, 'San Juan Bautista', 286),
	(478, 'Pilar', 287),
	(479, 'Paraguar铆', 288),
	(480, 'Pozo Colorado', 289),
	(481, 'San Pedro de Ycuamandyy煤', 290),
	(482, 'Asunci贸n', 291),
	(483, 'Bocas del Toro', 260),
	(484, 'Changuinola', 260),
	(485, 'Chiriqu铆 Grande', 260),
	(486, 'Almirante', 260),
	(487, 'Aguadulce', 261),
	(488, 'Ant贸n', 261),
	(489, 'La Pintada', 261),
	(490, 'Nat谩', 261),
	(491, 'Ol谩', 261),
	(492, 'Penonom茅', 261),
	(493, 'Col贸n', 262),
	(494, 'Chagres', 262),
	(495, 'Donoso', 262),
	(496, 'Omar Torrijos Herrera', 262),
	(497, 'Portobelo', 262),
	(498, 'Santa Isabel', 262),
	(499, 'Alanje', 263),
	(500, 'Bar煤', 263),
	(501, 'Boquer贸n', 263),
	(502, 'Boquete', 263),
	(503, 'Bugaba', 263),
	(504, 'David', 263),
	(505, 'Dolega', 263),
	(506, 'Gualaca', 263),
	(507, 'Remedios', 263),
	(508, 'Renacimiento', 263),
	(509, 'San F茅lix', 263),
	(510, 'San Lorenzo', 263),
	(511, 'Tierras Altas', 263),
	(512, 'Tol茅', 263),
	(513, 'Chepigana', 264),
	(514, 'Pinogana', 264),
	(515, 'Santa Fe', 264),
	(516, 'Chitr茅', 265),
	(517, 'Las Minas', 265),
	(518, 'Los Pozos', 265),
	(519, 'Oc煤', 265),
	(520, 'Parita', 265),
	(521, 'Pes茅', 265),
	(522, 'Santa Mar铆a', 265),
	(523, 'Guarar茅', 266),
	(524, 'Las Tablas', 266),
	(525, 'Los Santos', 266),
	(526, 'Macaracas', 266),
	(527, 'Pedas铆', 266),
	(528, 'Pocr铆', 266),
	(529, 'Tonos铆', 266),
	(530, 'Panam谩', 267),
	(531, 'San Miguelito', 267),
	(532, 'Chepo', 267),
	(533, 'Chim谩n', 267),
	(534, 'Balboa', 267),
	(535, 'Taboga', 267),
	(536, 'Arraij谩n', 268),
	(537, 'Capira', 268),
	(538, 'Chame', 268),
	(539, 'La Chorrera', 268),
	(540, 'San Carlos', 268),
	(541, 'Atalaya', 269),
	(542, 'Calobre', 269),
	(543, 'Ca帽azas', 269),
	(544, 'La Mesa', 269),
	(545, 'Las Palmas', 269),
	(546, 'Mariato', 269),
	(547, 'Montijo', 269),
	(548, 'R铆o de Jes煤s', 269),
	(549, 'San Francisco', 269),
	(550, 'Santa Fe', 269),
	(551, 'Santiago', 269),
	(552, 'Son谩', 269),
	(553, 'Ailigand铆', 270),
	(554, 'Nargan谩', 270),
	(555, 'Puerto Obald铆a', 270),
	(556, 'Tubual谩', 270),
	(557, 'Besik贸', 271),
	(558, 'Miron贸', 271),
	(559, 'Nole Duima', 271),
	(560, 'M眉na', 271),
	(561, '眉r眉m', 271),
	(562, 'Kankint煤', 271),
	(563, 'Kusap铆n', 271),
	(564, 'Jirondai', 271),
	(565, 'Santa Catalina o Calov茅bora', 271),
	(566, 'C茅maco', 272),
	(567, 'Samb煤', 272),
	(568, 'Naso Tj毛r Di', 273),
	(569, 'Cuenca', 133),
	(570, 'Gualaceo', 133),
	(571, 'Paute', 133),
	(572, 'Santa Isabel', 133),
	(573, 'Gir贸n', 133),
	(574, 'Nab贸n', 133),
	(575, 'O帽a', 133),
	(576, 'Pucar谩', 133),
	(577, 'San Fernando', 133),
	(578, 'Sigsig', 133),
	(579, 'Chordeleg', 133),
	(580, 'El Pan', 133),
	(581, 'Sevilla de Oro', 133),
	(582, 'Camilo Ponce Enr铆quez', 133),
	(583, 'Guaranda', 134),
	(584, 'Chillanes', 134),
	(585, 'Chimbo', 134),
	(586, 'San Miguel', 134),
	(587, 'Echeand铆a', 134),
	(588, 'Caluma', 134),
	(589, 'Las Naves', 134),
	(590, 'Azogues', 135),
	(591, 'Bibli谩n', 135),
	(592, 'Ca帽ar', 135),
	(593, 'D茅leg', 135),
	(594, 'El Tambo', 135),
	(595, 'La Troncal', 135),
	(596, 'Suscal', 135),
	(597, 'Tulc谩n', 136),
	(598, 'Bol铆var', 136),
	(599, 'Espejo', 136),
	(600, 'Mira', 136),
	(601, 'Mont煤far', 136),
	(602, 'San Pedro de Huaca', 136),
	(603, 'Riobamba', 137),
	(604, 'Alaus铆', 137),
	(605, 'Chambo', 137),
	(606, 'Colta', 137),
	(607, 'Guamote', 137),
	(608, 'Guano', 137),
	(609, 'Pallatanga', 137),
	(610, 'Penipe', 137),
	(611, 'Cumand谩', 137),
	(612, 'Latacunga', 138),
	(613, 'La Man谩', 138),
	(614, 'Pangua', 138),
	(615, 'Pujil铆', 138),
	(616, 'Salcedo', 138),
	(617, 'Saquisil铆', 138),
	(618, 'Sigchos', 138),
	(619, 'Machala', 139),
	(620, 'Arenillas', 139),
	(621, 'Atahualpa', 139),
	(622, 'Balsas', 139),
	(623, 'Chilla', 139),
	(624, 'El Guabo', 139),
	(625, 'Huaquillas', 139),
	(626, 'Las Lajas', 139),
	(627, 'Marcabel铆', 139),
	(628, 'Pasaje', 139),
	(629, 'Pi帽as', 139),
	(630, 'Portovelo', 139),
	(631, 'Santa Rosa', 139),
	(632, 'Zaruma', 139),
	(633, 'Esmeraldas', 140),
	(634, 'Atacames', 140),
	(635, 'Eloy Alfaro', 140),
	(636, 'Muisne', 140),
	(637, 'Quinind茅', 140),
	(638, 'Rioverde', 140),
	(639, 'San Lorenzo', 140),
	(640, 'San Crist贸bal', 141),
	(641, 'Isabela', 141),
	(642, 'Santa Cruz', 141),
	(643, 'Guayaquil', 142),
	(644, 'Alfredo Baquerizo Moreno (Jujan)', 142),
	(645, 'Balao', 142),
	(646, 'Balzar', 142),
	(647, 'Colimes', 142),
	(648, 'Daule', 142),
	(649, 'Dur谩n', 142),
	(650, 'El Empalme', 142),
	(651, 'El Triunfo', 142),
	(652, 'General Antonio Elizalde (Bucay)', 142),
	(653, 'Isidro Ayora', 142),
	(654, 'Lomas de Sargentillo', 142),
	(655, 'Marcelino Maridue帽a', 142),
	(656, 'Milagro', 142),
	(657, 'Naranjal', 142),
	(658, 'Naranjito', 142),
	(659, 'Nobol', 142),
	(660, 'Palestina', 142),
	(661, 'Pedro Carbo', 142),
	(662, 'Playas (General Villamil)', 142),
	(663, 'Salitre (Urbina Jado)', 142),
	(664, 'Samborond贸n', 142),
	(665, 'Santa Luc铆a', 142),
	(666, 'Sim贸n Bol铆var', 142),
	(667, 'Yaguachi', 142),
	(668, 'Ibarra', 143),
	(669, 'Antonio Ante', 143),
	(670, 'Cotacachi', 143),
	(671, 'Otavalo', 143),
	(672, 'Pimampiro', 143),
	(673, 'Urcuqu铆', 143),
	(674, 'Loja', 144),
	(675, 'Calvas', 144),
	(676, 'Catamayo', 144),
	(677, 'Celica', 144),
	(678, 'Chaguarpamba', 144),
	(679, 'Esp铆ndola', 144),
	(680, 'Gonzanam谩', 144),
	(681, 'Macar谩', 144),
	(682, 'Olmedo', 144),
	(683, 'Paltas', 144),
	(684, 'Pindal', 144),
	(685, 'Puyango', 144),
	(686, 'Quilanga', 144),
	(687, 'Saraguro', 144),
	(688, 'Sozoranga', 144),
	(689, 'Zapotillo', 144),
	(690, 'Babahoyo', 145),
	(691, 'Baba', 145),
	(692, 'Buena Fe', 145),
	(693, 'Montalvo', 145),
	(694, 'Palenque', 145),
	(695, 'Puebloviejo', 145),
	(696, 'Quevedo', 145),
	(697, 'Quinsaloma', 145),
	(698, 'Urdaneta', 145),
	(699, 'Valencia', 145),
	(700, 'Ventanas', 145),
	(701, 'Vinces', 145),
	(702, 'Portoviejo', 146),
	(703, 'Bol铆var (Calceta)', 146),
	(704, 'Chone', 146),
	(705, 'El Carmen', 146),
	(706, 'Flavio Alfaro', 146),
	(707, 'Jama', 146),
	(708, 'Jaramij贸', 146),
	(709, 'Jipijapa', 146),
	(710, 'Jun铆n', 146),
	(711, 'Manta', 146),
	(712, 'Montecristi', 146),
	(713, 'Olmedo', 146),
	(714, 'Paj谩n', 146),
	(715, 'Pedernales', 146),
	(716, 'Pichincha', 146),
	(717, 'Puerto L贸pez', 146),
	(718, 'Rocafuerte', 146),
	(719, 'San Vicente', 146),
	(720, 'Santa Ana', 146),
	(721, 'Sucre', 146),
	(722, 'Tosagua', 146),
	(723, '24 de Mayo', 146),
	(724, 'Morona (Macas)', 147),
	(725, 'Gualaquiza', 147),
	(726, 'Huamboya', 147),
	(727, 'Lim贸n Indanza', 147),
	(728, 'Logro帽o', 147),
	(729, 'Pablo Sexto', 147),
	(730, 'Palora', 147),
	(731, 'San Juan Bosco', 147),
	(732, 'Santiago de M茅ndez', 147),
	(733, 'Suc煤a', 147),
	(734, 'Taisha', 147),
	(735, 'Tiwintza', 147),
	(736, 'Tena', 148),
	(737, 'Archidona', 148),
	(738, 'Carlos Julio Arosemena Tola', 148),
	(739, 'El Chaco', 148),
	(740, 'Quijos', 148),
	(741, 'Francisco de Orellana (Coca)', 149),
	(742, 'Aguarico', 149),
	(743, 'La Joya de los Sachas', 149),
	(744, 'Loreto', 149),
	(745, 'Pastaza (Puyo)', 150),
	(746, 'Mera', 150),
	(747, 'Santa Clara', 150),
	(748, 'Arajuno', 150),
	(749, 'Quito', 151),
	(750, 'Cayambe', 151),
	(751, 'Mej铆a', 151),
	(752, 'Pedro Moncayo', 151),
	(753, 'Pedro Vicente Maldonado', 151),
	(754, 'Puerto Quito', 151),
	(755, 'Rumi帽ahui', 151),
	(756, 'San Miguel de los Bancos', 151),
	(757, 'Santa Elena', 152),
	(758, 'La Libertad', 152),
	(759, 'Salinas', 152),
	(760, 'Santo Domingo', 153),
	(761, 'La Concordia', 153),
	(762, 'Lago Agrio (Nueva Loja)', 154),
	(763, 'Cascales', 154),
	(764, 'Cuyabeno', 154),
	(765, 'Gonzalo Pizarro', 154),
	(766, 'Putumayo', 154),
	(767, 'Shushufindi', 154),
	(768, 'Sucumb铆os', 154),
	(769, 'Ambato', 155),
	(770, 'Ba帽os de Agua Santa', 155),
	(771, 'Cevallos', 155),
	(772, 'Mocha', 155),
	(773, 'Patate', 155),
	(774, 'Pelileo', 155),
	(775, 'P铆llaro', 155),
	(776, 'Quero', 155),
	(777, 'Tisaleo', 155),
	(778, 'Zamora', 156),
	(779, 'Chinchipe (Zumba)', 156),
	(780, 'Yacuambi', 156),
	(781, 'Yantzaza (Yantzaza)', 156),
	(782, 'El Pangui', 156),
	(783, 'Nangaritza', 156),
	(784, 'Palanda', 156),
	(785, 'Paquisha', 156),
	(786, 'Centinela del C贸ndor', 156),
	(787, 'Pinar del R铆o', 117),
	(788, 'Consolaci贸n del Sur', 117),
	(789, 'Guane', 117),
	(790, 'La Palma', 117),
	(791, 'Los Palacios', 117),
	(792, 'Mantua', 117),
	(793, 'Minas de Matahambre', 117),
	(794, 'San Juan y Mart铆nez', 117),
	(795, 'San Luis', 117),
	(796, 'Sandino', 117),
	(797, 'Vi帽ales', 117),
	(798, 'Alqu铆zar', 118),
	(799, 'Artemisa', 118),
	(800, 'Bah铆a Honda', 118),
	(801, 'Bauta', 118),
	(802, 'Caimito', 118),
	(803, 'Candelaria', 118),
	(804, 'Guanajay', 118),
	(805, 'G眉ira de Melena', 118),
	(806, 'Mariel', 118),
	(807, 'San Antonio de los Ba帽os', 118),
	(808, 'San Crist贸bal', 118),
	(809, 'Arroyo Naranjo', 119),
	(810, 'Boyeros', 119),
	(811, 'Centro Habana', 119),
	(812, 'Cerro', 119),
	(813, 'Cotorro', 119),
	(814, 'Diez de Octubre', 119),
	(815, 'Guanabacoa', 119),
	(816, 'La Habana del Este', 119),
	(817, 'La Habana Vieja', 119),
	(818, 'La Lisa', 119),
	(819, 'Marianao', 119),
	(820, 'Playa', 119),
	(821, 'Plaza de la Revoluci贸n', 119),
	(822, 'Regla', 119),
	(823, 'San Miguel del Padr贸n', 119),
	(824, 'Bataban贸', 120),
	(825, 'Bejucal', 120),
	(826, 'G眉ines', 120),
	(827, 'Jaruco', 120),
	(828, 'Madruga', 120),
	(829, 'Melena del Sur', 120),
	(830, 'Nueva Paz', 120),
	(831, 'Quivic谩n', 120),
	(832, 'San Jos茅 de las Lajas', 120),
	(833, 'San Nicol谩s', 120),
	(834, 'Santa Cruz del Norte', 120),
	(835, 'Matanzas', 121),
	(836, 'C谩rdenas', 121),
	(837, 'Calimete', 121),
	(838, 'Ci茅naga de Zapata', 121),
	(839, 'Col贸n', 121),
	(840, 'Jag眉ey Grande', 121),
	(841, 'Jovellanos', 121),
	(842, 'Limonar', 121),
	(843, 'Los Arabos', 121),
	(844, 'Mart铆', 121),
	(845, 'Pedro Betancourt', 121),
	(846, 'Perico', 121),
	(847, 'Uni贸n de Reyes', 121),
	(848, 'Cienfuegos', 122),
	(849, 'Abreus', 122),
	(850, 'Aguada de Pasajeros', 122),
	(851, 'Cruces', 122),
	(852, 'Cumanayagua', 122),
	(853, 'Lajas', 122),
	(854, 'Palmira', 122),
	(855, 'Rodas', 122),
	(856, 'Santa Clara', 123),
	(857, 'Caibari茅n', 123),
	(858, 'Camajuan铆', 123),
	(859, 'Cifuentes', 123),
	(860, 'Corralillo', 123),
	(861, 'Encrucijada', 123),
	(862, 'Manicaragua', 123),
	(863, 'Placetas', 123),
	(864, 'Quemado de G眉ines', 123),
	(865, 'Ranchuelo', 123),
	(866, 'Remedios', 123),
	(867, 'Sagua la Grande', 123),
	(868, 'Santo Domingo', 123),
	(869, 'Sancti Sp铆ritus', 124),
	(870, 'Cabaigu谩n', 124),
	(871, 'Fomento', 124),
	(872, 'Jatibonico', 124),
	(873, 'La Sierpe', 124),
	(874, 'Taguasco', 124),
	(875, 'Trinidad', 124),
	(876, 'Yaguajay', 124),
	(877, 'Ciego de vila', 125),
	(878, 'Baragu谩', 125),
	(879, 'Bolivia', 125),
	(880, 'Chambas', 125),
	(881, 'Ciro Redondo', 125),
	(882, 'Florencia', 125),
	(883, 'Majagua', 125),
	(884, 'Mor贸n', 125),
	(885, 'Primero de Enero', 125),
	(886, 'Venezuela', 125),
	(887, 'Camag眉ey', 126),
	(888, 'Carlos Manuel de C茅spedes', 126),
	(889, 'Esmeralda', 126),
	(890, 'Florida', 126),
	(891, 'Gu谩imaro', 126),
	(892, 'Jimaguay煤', 126),
	(893, 'Minas', 126),
	(894, 'Najasa', 126),
	(895, 'Nuevitas', 126),
	(896, 'Santa Cruz del Sur', 126),
	(897, 'Sibanic煤', 126),
	(898, 'Sierra de Cubitas', 126),
	(899, 'Vertientes', 126),
	(900, 'Las Tunas', 127),
	(901, 'Amancio', 127),
	(902, 'Colombia', 127),
	(903, 'Jes煤s Men茅ndez', 127),
	(904, 'Jobabo', 127),
	(905, 'Majibacoa', 127),
	(906, 'Manat铆', 127),
	(907, 'Puerto Padre', 127),
	(908, 'Holgu铆n', 128),
	(909, 'Antilla', 128),
	(910, 'B谩guanos', 128),
	(911, 'Banes', 128),
	(912, 'Cacocum', 128),
	(913, 'Calixto Garc铆a', 128),
	(914, 'Cueto', 128),
	(915, 'Frank Pa铆s', 128),
	(916, 'Gibara', 128),
	(917, 'Mayar铆', 128),
	(918, 'Moa', 128),
	(919, 'Rafael Freyre', 128),
	(920, 'Sagua de T谩namo', 128),
	(921, 'Urbano Noris', 128),
	(922, 'Bayamo', 129),
	(923, 'Bartolom茅 Mas贸', 129),
	(924, 'Buey Arriba', 129),
	(925, 'Campechuela', 129),
	(926, 'Cauto Cristo', 129),
	(927, 'Guisa', 129),
	(928, 'Jiguan铆', 129),
	(929, 'Manzanillo', 129),
	(930, 'Media Luna', 129),
	(931, 'Niquero', 129),
	(932, 'Pil贸n', 129),
	(933, 'R铆o Cauto', 129),
	(934, 'Yara', 129),
	(935, 'Santiago de Cuba', 130),
	(936, 'Contramaestre', 130),
	(937, 'Guam谩', 130),
	(938, 'Julio Antonio Mella', 130),
	(939, 'Palma Soriano', 130),
	(940, 'San Luis', 130),
	(941, 'Songo - La Maya', 130),
	(942, 'Segundo Frente', 130),
	(943, 'Tercer Frente', 130),
	(944, 'Guant谩namo', 131),
	(945, 'Baracoa', 131),
	(946, 'Caimanera', 131),
	(947, 'El Salvador', 131),
	(948, 'Im铆as', 131),
	(949, 'Mais铆', 131),
	(950, 'Manuel Tames', 131),
	(951, 'Niceto P茅rez', 131),
	(952, 'San Antonio del Sur', 131),
	(953, 'Yateras', 131),
	(954, 'Isla de la Juventud', 132),
	(955, 'Santo Domingo de Guzm谩n', 317),
	(956, 'Azua de Compostela', 318),
	(957, 'Esteban铆a', 318),
	(958, 'Guayabal', 318),
	(959, 'Las Charcas', 318),
	(960, 'Las Yayas de Viajama', 318),
	(961, 'Padre Las Casas', 318),
	(962, 'Peralta', 318),
	(963, 'Pueblo Viejo', 318),
	(964, 'Sabana Yegua', 318),
	(965, 'T谩bara Arriba', 318),
	(966, 'Neyba', 319),
	(967, 'Galv谩n', 319),
	(968, 'Los R铆os', 319),
	(969, 'Tamayo', 319),
	(970, 'Villa Jaragua', 319),
	(971, 'Santa Cruz de Barahona', 320),
	(972, 'Cabral', 320),
	(973, 'Enriquillo', 320),
	(974, 'Fundaci贸n', 320),
	(975, 'Jaquimeyes', 320),
	(976, 'La Ci茅naga', 320),
	(977, 'Las Salinas', 320),
	(978, 'Para铆so', 320),
	(979, 'Polo', 320),
	(980, 'Vicente Noble', 320),
	(981, 'El Pe帽贸n', 320),
	(982, 'Dajab贸n', 321),
	(983, 'El Pino', 321),
	(984, 'Loma de Cabrera', 321),
	(985, 'Partido', 321),
	(986, 'Restauraci贸n', 321),
	(987, 'San Francisco de Macor铆s', 322),
	(988, 'Arenoso', 322),
	(989, 'Castillo', 322),
	(990, 'Eugenio Mar铆a de Hostos', 322),
	(991, 'Las Gu谩ranas', 322),
	(992, 'Pimentel', 322),
	(993, 'Villa Riva', 322),
	(994, 'Comendador', 323),
	(995, 'B谩nica', 323),
	(996, 'El Llano', 323),
	(997, 'Hondo Valle', 323),
	(998, 'Juan Santiago', 323),
	(999, 'Pedro Santana', 323),
	(1000, 'Santa Cruz del Seibo', 324),
	(1001, 'Miches', 324),
	(1002, 'Moca', 325),
	(1003, 'Cayetano Germos茅n', 325),
	(1004, 'Gaspar Hern谩ndez', 325),
	(1005, 'Jamao al Norte', 325),
	(1006, 'Hato Mayor del Rey', 326),
	(1007, 'El Valle', 326),
	(1008, 'Sabana de la Mar', 326),
	(1009, 'Salcedo', 327),
	(1010, 'Tenares', 327),
	(1011, 'Villa Tapia', 327),
	(1012, 'Jiman铆', 328),
	(1013, 'Crist贸bal', 328),
	(1014, 'Duverg茅', 328),
	(1015, 'La Descubierta', 328),
	(1016, 'Mella', 328),
	(1017, 'Postrer R铆o', 328),
	(1018, 'Hig眉ey', 329),
	(1019, 'San Rafael del Yuma', 329),
	(1020, 'La Romana', 330),
	(1021, 'Guaymate', 330),
	(1022, 'Villa Hermosa', 330),
	(1023, 'La Concepci贸n de La Vega', 331),
	(1024, 'Constanza', 331),
	(1025, 'Jarabacoa', 331),
	(1026, 'Jima Abajo', 331),
	(1027, 'Nagua', 332),
	(1028, 'Cabrera', 332),
	(1029, 'El Factor', 332),
	(1030, 'R铆o San Juan', 332),
	(1031, 'Bonao', 333),
	(1032, 'Maim贸n', 333),
	(1033, 'Piedra Blanca', 333),
	(1034, 'San Fernando de Monte Cristi', 334),
	(1035, 'Casta帽uela', 334),
	(1036, 'Guayub铆n', 334),
	(1037, 'Las Matas de Santa Cruz', 334),
	(1038, 'Pepillo Salcedo', 334),
	(1039, 'Villa V谩squez', 334),
	(1040, 'Monte Plata', 335),
	(1041, 'Bayaguana', 335),
	(1042, 'Peralvillo', 335),
	(1043, 'Sabana Grande de Boy谩', 335),
	(1044, 'Yamas谩', 335),
	(1045, 'Pedernales', 336),
	(1046, 'Oviedo', 336),
	(1047, 'Ban铆', 337),
	(1048, 'Nizao', 337),
	(1049, 'San Felipe de Puerto Plata', 338),
	(1050, 'Altamira', 338),
	(1051, 'Guananico', 338),
	(1052, 'Imbert', 338),
	(1053, 'Los Hidalgos', 338),
	(1054, 'Luper贸n', 338),
	(1055, 'Sos煤a', 338),
	(1056, 'Villa Isabela', 338),
	(1057, 'Villa Montellano', 338),
	(1058, 'Santa B谩rbara de Saman谩', 339),
	(1059, 'Las Terrenas', 339),
	(1060, 'S谩nchez', 339),
	(1061, 'San Crist贸bal', 340),
	(1062, 'Bajos de Haina', 340),
	(1063, 'Cambita Garabitos', 340),
	(1064, 'Los Cacaos', 340),
	(1065, 'Sabana Grande de Palenque', 340),
	(1066, 'San Gregorio de Nigua', 340),
	(1067, 'Villa Altagracia', 340),
	(1068, 'Yaguate', 340),
	(1069, 'San Jos茅 de Ocoa', 341),
	(1070, 'Rancho Arriba', 341),
	(1071, 'Sabana Larga', 341),
	(1072, 'San Juan de la Maguana', 342),
	(1073, 'Bohech铆o', 342),
	(1074, 'El Cercado', 342),
	(1075, 'Juan de Herrera', 342),
	(1076, 'Las Matas de Farf谩n', 342),
	(1077, 'Vallejuelo', 342),
	(1078, 'San Pedro de Macor铆s', 343),
	(1079, 'Consuelo', 343),
	(1080, 'Guayacanes', 343),
	(1081, 'Quisqueya', 343),
	(1082, 'Ram贸n Santana', 343),
	(1083, 'San Jos茅 de los Llanos', 343),
	(1084, 'Cotu铆', 344),
	(1085, 'Cevicos', 344),
	(1086, 'Fantino', 344),
	(1087, 'Villa La Mata', 344),
	(1088, 'Santiago de los Caballeros', 345),
	(1089, 'Bison贸 (Navarrete)', 345),
	(1090, 'J谩nico', 345),
	(1091, 'Licey al Medio', 345),
	(1092, 'Pu帽al', 345),
	(1093, 'Sabana Iglesia', 345),
	(1094, 'San Jos茅 de las Matas', 345),
	(1095, 'Tamboril', 345),
	(1096, 'Villa Gonz谩lez', 345),
	(1097, 'Tamboril', 345),
	(1098, 'San Ignacio de Sabaneta', 346),
	(1099, 'Monci贸n', 346),
	(1100, 'Villa de los Alm谩cigos', 346),
	(1101, 'Santo Domingo Este', 347),
	(1102, 'Santo Domingo Norte', 347),
	(1103, 'Santo Domingo Oeste', 347),
	(1104, 'Boca Chica', 347),
	(1105, 'San Antonio de Guerra', 347),
	(1106, 'Los Alcarrizos', 347),
	(1107, 'Pedro Brand', 347),
	(1108, 'Mao', 348),
	(1109, 'Esperanza', 348),
	(1110, 'Laguna Salada', 348),
	(1111, 'Cob谩n', 171),
	(1112, 'Santa Cruz Verapaz', 171),
	(1113, 'San Crist贸bal Verapaz', 171),
	(1114, 'Tactic', 171),
	(1115, 'Tamah煤', 171),
	(1116, 'Tucur煤', 171),
	(1117, 'Panz贸s', 171),
	(1118, 'Senah煤', 171),
	(1119, 'San Pedro Carch谩', 171),
	(1120, 'San Juan Chamelco', 171),
	(1121, 'Lanqu铆n', 171),
	(1122, 'Cahab贸n', 171),
	(1123, 'Chisec', 171),
	(1124, 'Fray Bartolom茅 de las Casas', 171),
	(1125, 'Chahal', 171),
	(1126, 'Santa Mar铆a Cahab贸n', 171),
	(1127, 'Raxruh谩', 171),
	(1128, 'Salam谩', 172),
	(1129, 'San Miguel Chicaj', 172),
	(1130, 'Rabinal', 172),
	(1131, 'Cubulco', 172),
	(1132, 'Granados', 172),
	(1133, 'Santa Cruz el Chol', 172),
	(1134, 'San Jer贸nimo', 172),
	(1135, 'Purulh谩', 172),
	(1136, 'Chimaltenango', 173),
	(1137, 'San Jos茅 Poaquil', 173),
	(1138, 'San Mart铆n Jilotepeque', 173),
	(1139, 'Comalapa', 173),
	(1140, 'Santa Apolonia', 173),
	(1141, 'Tecp谩n Guatemala', 173),
	(1142, 'Patz煤n', 173),
	(1143, 'Pochuta', 173),
	(1144, 'Patzic铆a', 173),
	(1145, 'Santa Cruz Balany谩', 173),
	(1146, 'Acatenango', 173),
	(1147, 'Yepocapa', 173),
	(1148, 'San Andr茅s Itzapa', 173),
	(1149, 'Parramos', 173),
	(1150, 'Zaragoza', 173),
	(1151, 'El Tejar', 173),
	(1152, 'Chiquimula', 174),
	(1153, 'San Jos茅 La Arada', 174),
	(1154, 'San Juan Ermita', 174),
	(1155, 'Jocot谩n', 174),
	(1156, 'Camot谩n', 174),
	(1157, 'Olopa', 174),
	(1158, 'Esquipulas', 174),
	(1159, 'Concepci贸n Las Minas', 174),
	(1160, 'Quezaltepeque', 174),
	(1161, 'Ipala', 174),
	(1162, 'San Jacinto', 174),
	(1163, 'Guastatoya', 175),
	(1164, 'Moraz谩n', 175),
	(1165, 'San Agust铆n Acasaguastl谩n', 175),
	(1166, 'San Crist贸bal Acasaguastl谩n', 175),
	(1167, 'El J铆caro', 175),
	(1168, 'Sansare', 175),
	(1169, 'Sanarate', 175),
	(1170, 'San Antonio La Paz', 175),
	(1171, 'Escuintla', 176),
	(1172, 'Santa Luc铆a Cotzumalguapa', 176),
	(1173, 'La Democracia', 176),
	(1174, 'Siquinal谩', 176),
	(1175, 'Masagua', 176),
	(1176, 'Tiquisate', 176),
	(1177, 'La Gomera', 176),
	(1178, 'Guanagazapa', 176),
	(1179, 'San Jos茅', 176),
	(1180, 'Iztapa', 176),
	(1181, 'Pal铆n', 176),
	(1182, 'San Vicente Pacaya', 176),
	(1183, 'Nueva Concepci贸n', 176),
	(1184, 'Puerto San Jos茅', 176),
	(1185, 'Ciudad de Guatemala', 177),
	(1186, 'Santa Catarina Pinula', 177),
	(1187, 'San Jos茅 Pinula', 177),
	(1188, 'San Jos茅 del Golfo', 177),
	(1189, 'Palencia', 177),
	(1190, 'Chinautla', 177),
	(1191, 'San Pedro Ayampuc', 177),
	(1192, 'Mixco', 177),
	(1193, 'San Pedro Sacatep茅quez', 177),
	(1194, 'San Juan Sacatep茅quez', 177),
	(1195, 'San Raymundo', 177),
	(1196, 'Chuarrancho', 177),
	(1197, 'Fraijanes', 177),
	(1198, 'Amatitl谩n', 177),
	(1199, 'Villa Nueva', 177),
	(1200, 'Villa Canales', 177),
	(1201, 'San Miguel Petapa', 177),
	(1202, 'Huehuetenango', 178),
	(1203, 'Chiantla', 178),
	(1204, 'Malacatancito', 178),
	(1205, 'Cuilco', 178),
	(1206, 'Nent贸n', 178),
	(1207, 'San Pedro Necta', 178),
	(1208, 'San Ildefonso Ixtahuac谩n', 178),
	(1209, 'Jacaltenango', 178),
	(1210, 'Soloma', 178),
	(1211, 'Ixtat谩n', 178),
	(1212, 'Santa B谩rbara', 178),
	(1213, 'La Libertad', 178),
	(1214, 'La Democracia', 178),
	(1215, 'San Miguel Acat谩n', 178),
	(1216, 'San Rafael La Independencia', 178),
	(1217, 'Todos Santos Cuchumat谩n', 178),
	(1218, 'San Juan Atit谩n', 178),
	(1219, 'Santa Eulalia', 178),
	(1220, 'San Mateo Ixtat谩n', 178),
	(1221, 'Colotenango', 178),
	(1222, 'San Sebasti谩n Huehuetenango', 178),
	(1223, 'Tectit谩n', 178),
	(1224, 'Concepci贸n Huista', 178),
	(1225, 'San Juan Ixcoy', 178),
	(1226, 'San Antonio Huista', 178),
	(1227, 'San Sebasti谩n Coat谩n', 178),
	(1228, 'Barillas', 178),
	(1229, 'Aguacat谩n', 178),
	(1230, 'San Rafael Petzal', 178),
	(1231, 'San Gaspar Ixchil', 178),
	(1232, 'Santiago Chimaltenango', 178),
	(1233, 'Santa Ana Huista', 178),
	(1234, 'Uni贸n Cantinil', 178),
	(1235, 'Puerto Barrios', 179),
	(1236, 'Livingston', 179),
	(1237, 'El Estor', 179),
	(1238, 'Morales', 179),
	(1239, 'Los Amates', 179),
	(1240, 'Jalapa', 180),
	(1241, 'San Pedro Pinula', 180),
	(1242, 'San Luis Jilotepeque', 180),
	(1243, 'San Manuel Chaparr贸n', 180),
	(1244, 'San Carlos Alzatate', 180),
	(1245, 'Monjas', 180),
	(1246, 'Mataquescuintla', 180),
	(1247, 'Jutiapa', 181),
	(1248, 'El Progreso', 181),
	(1249, 'Santa Catarina Mita', 181),
	(1250, 'Agua Blanca', 181),
	(1251, 'Asunci贸n Mita', 181),
	(1252, 'Yupiltepeque', 181),
	(1253, 'Atescatempa', 181),
	(1254, 'Jerez', 181),
	(1255, 'El Adelanto', 181),
	(1256, 'Zapotitl谩n', 181),
	(1257, 'Comapa', 181),
	(1258, 'Jalpatagua', 181),
	(1259, 'Conguaco', 181),
	(1260, 'Moyuta', 181),
	(1261, 'Pasaco', 181),
	(1262, 'Quesada', 181),
	(1263, 'Suchitl谩n', 181),
	(1264, 'Flores', 182),
	(1265, 'San Jos茅', 182),
	(1266, 'San Benito', 182),
	(1267, 'San Andr茅s', 182),
	(1268, 'La Libertad', 182),
	(1269, 'San Francisco', 182),
	(1270, 'Santa Ana', 182),
	(1271, 'Dolores', 182),
	(1272, 'San Luis', 182),
	(1273, 'Sayaxch茅', 182),
	(1274, 'Melchor de Mencos', 182),
	(1275, 'Popt煤n', 182),
	(1276, 'Las Cruces', 182),
	(1277, 'El Chal', 182),
	(1278, 'Quetzaltenango', 183),
	(1279, 'Salcaj谩', 183),
	(1280, 'Olintepeque', 183),
	(1281, 'San Carlos Sija', 183),
	(1282, 'Sibilia', 183),
	(1283, 'Cabric谩n', 183),
	(1284, 'Cajol谩', 183),
	(1285, 'San Miguel Sig眉il谩', 183),
	(1286, 'Ostuncalco', 183),
	(1287, 'San Mateo', 183),
	(1288, 'Concepci贸n Chiquirichapa', 183),
	(1289, 'San Mart铆n Sacatep茅quez', 183),
	(1290, 'Almolonga', 183),
	(1291, 'Cantel', 183),
	(1292, 'Huit谩n', 183),
	(1293, 'Zunil', 183),
	(1294, 'Colomba', 183),
	(1295, 'San Francisco La Uni贸n', 183),
	(1296, 'El Palmar', 183),
	(1297, 'Coatepeque', 183),
	(1298, 'G茅nova', 183),
	(1299, 'Flores Costa Cuca', 183),
	(1300, 'La Esperanza', 183),
	(1301, 'Palestina de Los Altos', 183),
	(1302, 'Santa Cruz del Quich茅', 184),
	(1303, 'Chich茅', 184),
	(1304, 'Chinique', 184),
	(1305, 'Zacualpa', 184),
	(1306, 'Chajul', 184),
	(1307, 'Santo Tom谩s Chichicastenango', 184),
	(1308, 'Patzit茅', 184),
	(1309, 'San Antonio Ilotenango', 184),
	(1310, 'San Pedro Jocopilas', 184),
	(1311, 'Cun茅n', 184),
	(1312, 'San Juan Cotzal', 184),
	(1313, 'Joyabaj', 184),
	(1314, 'Nebaj', 184),
	(1315, 'San Andr茅s Sajcabaj谩', 184),
	(1316, 'Uspant谩n', 184),
	(1317, 'Sacapulas', 184),
	(1318, 'San Bartolom茅 Jocotenango', 184),
	(1319, 'Canill谩', 184),
	(1320, 'Chicam谩n', 184),
	(1321, 'Ixc谩n', 184),
	(1322, 'Pachalum', 184),
	(1323, 'Retalhuleu', 185),
	(1324, 'San Sebasti谩n', 185),
	(1325, 'Santa Cruz Mulu谩', 185),
	(1326, 'San Mart铆n Zapotitl谩n', 185),
	(1327, 'San Felipe', 185),
	(1328, 'San Andr茅s Villa Seca', 185),
	(1329, 'Champerico', 185),
	(1330, 'Nuevo San Carlos', 185),
	(1331, 'El Asintal', 185),
	(1332, 'Antigua Guatemala', 186),
	(1333, 'Jocotenango', 186),
	(1334, 'Pastores', 186),
	(1335, 'Sumpango', 186),
	(1336, 'Santo Domingo Xenacoj', 186),
	(1337, 'Santiago Sacatep茅quez', 186),
	(1338, 'San Bartolom茅 Milpas Altas', 186),
	(1339, 'San Lucas Sacatep茅quez', 186),
	(1340, 'Santa Luc铆a Milpas Altas', 186),
	(1341, 'Magdalena Milpas Altas', 186),
	(1342, 'Santa Mar铆a de Jes煤s', 186),
	(1343, 'Ciudad Vieja', 186),
	(1344, 'San Miguel Due帽as', 186),
	(1345, 'San Juan Alotenango', 186),
	(1346, 'San Antonio Aguas Calientes', 186),
	(1347, 'Santa Catarina Barahona', 186),
	(1348, 'San Marcos', 187),
	(1349, 'Ayutla', 187),
	(1350, 'Catarina', 187),
	(1351, 'Comitancillo', 187),
	(1352, 'Concepci贸n Tutuapa', 187),
	(1353, 'El Quetzal', 187),
	(1354, 'El Rodeo', 187),
	(1355, 'El Tumbador', 187),
	(1356, 'Ixchigu谩n', 187),
	(1357, 'La Blanca', 187),
	(1358, 'La Reforma', 187),
	(1359, 'Malacat谩n', 187),
	(1360, 'Nuevo Progreso', 187),
	(1361, 'Oc贸s', 187),
	(1362, 'Pajapita', 187),
	(1363, 'Esquipulas Palo Gordo', 187),
	(1364, 'San Antonio Sacatep茅quez', 187),
	(1365, 'San Crist贸bal Cucho', 187),
	(1366, 'San Jos茅 El Rodeo', 187),
	(1367, 'San Jos茅 Ojetenam', 187),
	(1368, 'San Lorenzo', 187),
	(1369, 'San Miguel Ixtahuac谩n', 187),
	(1370, 'San Pablo', 187),
	(1371, 'San Pedro Sacatep茅quez', 187),
	(1372, 'San Rafael Pie de la Cuesta', 187),
	(1373, 'Sibinal', 187),
	(1374, 'Sipacapa', 187),
	(1375, 'Tacan谩', 187),
	(1376, 'Tajumulco', 187),
	(1377, 'Tejutla', 187),
	(1378, 'Cuilapa', 188),
	(1379, 'Barberena', 188),
	(1380, 'Santa Rosa de Lima', 188),
	(1381, 'Casillas', 188),
	(1382, 'San Rafael Las Flores', 188),
	(1383, 'Oratorio', 188),
	(1384, 'San Juan Tecuaco', 188),
	(1385, 'Chiquimulilla', 188),
	(1386, 'Taxisco', 188),
	(1387, 'Santa Mar铆a Ixhuat谩n', 188),
	(1388, 'Guazacap谩n', 188),
	(1389, 'Santa Cruz Naranjo', 188),
	(1390, 'Pueblo Nuevo Vi帽as', 188),
	(1391, 'Nueva Santa Rosa', 188),
	(1392, 'Solol谩', 189),
	(1393, 'San Jos茅 Chacay谩', 189),
	(1394, 'Santa Mar铆a Visitaci贸n', 189),
	(1395, 'Santa Luc铆a Utatl谩n', 189),
	(1396, 'Nahual谩', 189),
	(1397, 'Santa Catarina Ixtahuac谩n', 189),
	(1398, 'Santa Clara La Laguna', 189),
	(1399, 'Concepci贸n', 189),
	(1400, 'San Andr茅s Semetabaj', 189),
	(1401, 'Panajachel', 189),
	(1402, 'Santa Catarina Palop贸', 189),
	(1403, 'San Antonio Palop贸', 189),
	(1404, 'San Lucas Tolim谩n', 189),
	(1405, 'Santa Cruz La Laguna', 189),
	(1406, 'San Pablo La Laguna', 189),
	(1407, 'San Marcos La Laguna', 189),
	(1408, 'San Juan La Laguna', 189),
	(1409, 'San Pedro La Laguna', 189),
	(1410, 'Santiago Atitl谩n', 189),
	(1411, 'Mazatenango', 190),
	(1412, 'Cuyotenango', 190),
	(1413, 'San Francisco Zapotitl谩n', 190),
	(1414, 'San Bernardino', 190),
	(1415, 'San Jos茅 El Idolo', 190),
	(1416, 'Santo Domingo Suchitep茅quez', 190),
	(1417, 'San Lorenzo', 190),
	(1418, 'Samayac', 190),
	(1419, 'San Pablo Jocopilas', 190),
	(1420, 'San Antonio Suchitep茅quez', 190),
	(1421, 'San Miguel Pan谩n', 190),
	(1422, 'San Gabriel', 190),
	(1423, 'Chicacao', 190),
	(1424, 'Patulul', 190),
	(1425, 'Santa B谩rbara', 190),
	(1426, 'San Juan Bautista', 190),
	(1427, 'Santo Tom谩s La Uni贸n', 190),
	(1428, 'Zunilito', 190),
	(1429, 'Pueblo Nuevo', 190),
	(1430, 'R铆o Bravo', 190),
	(1431, 'San Jos茅 La Maquina', 190),
	(1432, 'Totonicap谩n', 191),
	(1433, 'San Crist贸bal Totonicap谩n', 191),
	(1434, 'San Francisco El Alto', 191),
	(1435, 'San Andr茅s Xecul', 191),
	(1436, 'Momostenango', 191),
	(1437, 'Santa Mar铆a Chiquimula', 191),
	(1438, 'Santa Luc铆a La Reforma', 191),
	(1439, 'San Bartolo', 191),
	(1440, 'Zacapa', 192),
	(1441, 'Estanzuela', 192),
	(1442, 'R铆o Hondo', 192),
	(1443, 'Gual谩n', 192),
	(1444, 'Teculut谩n', 192),
	(1445, 'Usumatl谩n', 192),
	(1446, 'Caba帽as', 192),
	(1447, 'San Diego', 192),
	(1448, 'La Uni贸n', 192),
	(1449, 'Huit茅', 192),
	(1450, 'San Jorge', 192),
	(1451, 'La Ceiba', 193),
	(1452, 'El Porvenir', 193),
	(1453, 'Esparta', 193),
	(1454, 'Jutiapa', 193),
	(1455, 'La Masica', 193),
	(1456, 'San Francisco', 193),
	(1457, 'Tela', 193),
	(1458, 'Arizona', 193),
	(1459, 'Trujillo', 194),
	(1460, 'Balfate', 194),
	(1461, 'Iriona', 194),
	(1462, 'Lim贸n', 194),
	(1463, 'Sab谩', 194),
	(1464, 'Santa Fe', 194),
	(1465, 'Santa Rosa de Agu谩n', 194),
	(1466, 'Sonaguera', 194),
	(1467, 'Tocoa', 194),
	(1468, 'Bonito Oriental', 194),
	(1469, 'Comayagua', 195),
	(1470, 'Ajuterique', 195),
	(1471, 'El Rosario', 195),
	(1472, 'Esqu铆as', 195),
	(1473, 'Humuya', 195),
	(1474, 'La Libertad', 195),
	(1475, 'Laman铆', 195),
	(1476, 'La Trinidad', 195),
	(1477, 'Lejaman铆', 195),
	(1478, 'Me谩mbar', 195),
	(1479, 'Minas de Oro', 195),
	(1480, 'Ojos de Agua', 195),
	(1481, 'San Jer贸nimo', 195),
	(1482, 'San Jos茅 de Comayagua', 195),
	(1483, 'San Jos茅 del Potrero', 195),
	(1484, 'San Luis', 195),
	(1485, 'San Sebasti谩n', 195),
	(1486, 'Siguatepeque', 195),
	(1487, 'Villa de San Antonio', 195),
	(1488, 'Las Lajas', 195),
	(1489, 'Taulab茅', 195),
	(1490, 'Santa Rosa de Cop谩n', 196),
	(1491, 'Caba帽as', 196),
	(1492, 'Concepci贸n', 196),
	(1493, 'Cop谩n Ruinas', 196),
	(1494, 'Corqu铆n', 196),
	(1495, 'Cucuyagua', 196),
	(1496, 'Dolores', 196),
	(1497, 'Dulce Nombre', 196),
	(1498, 'El Para铆so', 196),
	(1499, 'Florida', 196),
	(1500, 'La Jigua', 196),
	(1501, 'La Uni贸n', 196),
	(1502, 'Nueva Arcadia', 196),
	(1503, 'San Agust铆n', 196),
	(1504, 'San Antonio', 196),
	(1505, 'San Jer贸nimo', 196),
	(1506, 'San Jos茅', 196),
	(1507, 'San Juan de Opoa', 196),
	(1508, 'San Nicol谩s', 196),
	(1509, 'San Pedro', 196),
	(1510, 'Santa Rita', 196),
	(1511, 'Trinidad de Cop谩n', 196),
	(1512, 'Veracruz', 196),
	(1513, 'San Pedro Sula', 197),
	(1514, 'Choloma', 197),
	(1515, 'Omoa', 197),
	(1516, 'Pimienta', 197),
	(1517, 'Potrerillos', 197),
	(1518, 'Puerto Cort茅s', 197),
	(1519, 'San Antonio de Cort茅s', 197),
	(1520, 'San Francisco de Yojoa', 197),
	(1521, 'San Manuel', 197),
	(1522, 'Santa Cruz de Yojoa', 197),
	(1523, 'Villanueva', 197),
	(1524, 'La Lima', 197),
	(1525, 'Choluteca', 198),
	(1526, 'Apacilagua', 198),
	(1527, 'Concepci贸n de Mar铆a', 198),
	(1528, 'Duyure', 198),
	(1529, 'El Corpus', 198),
	(1530, 'El Triunfo', 198),
	(1531, 'Marcovia', 198),
	(1532, 'Morolica', 198),
	(1533, 'Namasig眉e', 198),
	(1534, 'Orocuina', 198),
	(1535, 'Pespire', 198),
	(1536, 'San Antonio de Flores', 198),
	(1537, 'San Isidro', 198),
	(1538, 'San Jos茅', 198),
	(1539, 'San Marcos de Col贸n', 198),
	(1540, 'Santa Ana de Yusguare', 198),
	(1541, 'Yuscar谩n', 199),
	(1542, 'Alauca', 199),
	(1543, 'Danl铆', 199),
	(1544, 'El Para铆so', 199),
	(1545, 'G眉inope', 199),
	(1546, 'Jacaleapa', 199),
	(1547, 'Liure', 199),
	(1548, 'Morocel铆', 199),
	(1549, 'Oropol铆', 199),
	(1550, 'Potrerillos', 199),
	(1551, 'San Antonio de Flores', 199),
	(1552, 'San Lucas', 199),
	(1553, 'San Mat铆as', 199),
	(1554, 'Soledad', 199),
	(1555, 'Teupasenti', 199),
	(1556, 'Texiguat', 199),
	(1557, 'Trojes', 199),
	(1558, 'Vado Ancho', 199),
	(1559, 'Yauyupe', 199),
	(1560, 'Distrito Central (Tegucigalpa y Comayag眉ela)', 200),
	(1561, 'Alubar茅n', 200),
	(1562, 'Cedros', 200),
	(1563, 'Curar茅n', 200),
	(1564, 'El Porvenir', 200),
	(1565, 'Guaimaca', 200),
	(1566, 'La Libertad', 200),
	(1567, 'La Venta', 200),
	(1568, 'Lepaterique', 200),
	(1569, 'Maraita', 200),
	(1570, 'Marale', 200),
	(1571, 'Nueva Armenia', 200),
	(1572, 'Ojojona', 200),
	(1573, 'Orica', 200),
	(1574, 'Reitoca', 200),
	(1575, 'Sabanagrande', 200),
	(1576, 'San Antonio de Oriente', 200),
	(1577, 'San Buenaventura', 200),
	(1578, 'San Ignacio', 200),
	(1579, 'San Juan de Flores', 200),
	(1580, 'San Miguelito', 200),
	(1581, 'Santa Ana', 200),
	(1582, 'Santa Luc铆a', 200),
	(1583, 'Talanga', 200),
	(1584, 'Tatumbla', 200),
	(1585, 'Valle de ngeles', 200),
	(1586, 'Villa de San Francisco', 200),
	(1587, 'Vallecillo', 200),
	(1588, 'Puerto Lempira', 201),
	(1589, 'Brus Laguna', 201),
	(1590, 'Ahuas', 201),
	(1591, 'Juan Francisco Bulnes', 201),
	(1592, 'Ram贸n Villeda Morales', 201),
	(1593, 'Wampusirpe', 201),
	(1594, 'La Esperanza', 202),
	(1595, 'Camasca', 202),
	(1596, 'Colomoncagua', 202),
	(1597, 'Concepci贸n', 202),
	(1598, 'Dolores', 202),
	(1599, 'Intibuc谩', 202),
	(1600, 'Jes煤s de Otoro', 202),
	(1601, 'Magdalena', 202),
	(1602, 'Masaguara', 202),
	(1603, 'San Antonio', 202),
	(1604, 'San Isidro', 202),
	(1605, 'San Juan', 202),
	(1606, 'San Marcos de la Sierra', 202),
	(1607, 'San Miguelito', 202),
	(1608, 'Santa Luc铆a', 202),
	(1609, 'Yamaranguila', 202),
	(1610, 'Santa Elena', 202),
	(1611, 'Roat谩n', 203),
	(1612, 'Guanaja', 203),
	(1613, 'Jos茅 Santos Guardiola', 203),
	(1614, 'Utila', 203),
	(1615, 'Coxen Hole', 203),
	(1616, 'La Paz', 204),
	(1617, 'Aguanqueterique', 204),
	(1618, 'Cabanas', 204),
	(1619, 'Cane', 204),
	(1620, 'Chinacla', 204),
	(1621, 'Guajiquiro', 204),
	(1622, 'Lauterique', 204),
	(1623, 'Marcala', 204),
	(1624, 'Mercedes de Oriente', 204),
	(1625, 'Opatoro', 204),
	(1626, 'San Antonio del Norte', 204),
	(1627, 'San Jos茅', 204),
	(1628, 'San Juan', 204),
	(1629, 'San Pedro de Tutule', 204),
	(1630, 'Santa Ana', 204),
	(1631, 'Santa Elena', 204),
	(1632, 'Santa Mar铆a', 204),
	(1633, 'Santiago de Puringla', 204),
	(1634, 'Yarula', 204),
	(1635, 'Gracias', 205),
	(1636, 'Bel茅n', 205),
	(1637, 'Candelaria', 205),
	(1638, 'Cololaca', 205),
	(1639, 'Erandique', 205),
	(1640, 'Gualcince', 205),
	(1641, 'Guarita', 205),
	(1642, 'La Campa', 205),
	(1643, 'La Iguala', 205),
	(1644, 'Las Flores', 205),
	(1645, 'La Uni贸n', 205),
	(1646, 'La Virtud', 205),
	(1647, 'Lepaera', 205),
	(1648, 'Mapulaca', 205),
	(1649, 'Piraera', 205),
	(1650, 'San Andr茅s', 205),
	(1651, 'San Francisco', 205),
	(1652, 'San Juan Guarita', 205),
	(1653, 'San Manuel Colohete', 205),
	(1654, 'San Rafael', 205),
	(1655, 'San Sebasti谩n', 205),
	(1656, 'Santa Cruz', 205),
	(1657, 'Talgua', 205),
	(1658, 'Tambla', 205),
	(1659, 'Tomal谩', 205),
	(1660, 'Valladolid', 205),
	(1661, 'Virginia', 205),
	(1662, 'San Marcos de Caiqu铆n', 205),
	(1663, 'Nueva Ocotepeque', 206),
	(1664, 'Bel茅n Gualcho', 206),
	(1665, 'Concepci贸n', 206),
	(1666, 'Dolores Merend贸n', 206),
	(1667, 'Fraternidad', 206),
	(1668, 'La Encarnaci贸n', 206),
	(1669, 'La Labor', 206),
	(1670, 'Lucerna', 206),
	(1671, 'Mercedes', 206),
	(1672, 'San Fernando', 206),
	(1673, 'San Francisco del Valle', 206),
	(1674, 'San Jorge', 206),
	(1675, 'San Marcos', 206),
	(1676, 'Santa Fe', 206),
	(1677, 'Sensenti', 206),
	(1678, 'Sinuapa', 206),
	(1679, 'Juticalpa', 207),
	(1680, 'Campamento', 207),
	(1681, 'Catacamas', 207),
	(1682, 'Concordia', 207),
	(1683, 'Dulce Nombre de Culm铆', 207),
	(1684, 'El Rosario', 207),
	(1685, 'Esquipulas del Norte', 207),
	(1686, 'Gualaco', 207),
	(1687, 'Guarizama', 207),
	(1688, 'Guata', 207),
	(1689, 'Guayape', 207),
	(1690, 'Jano', 207),
	(1691, 'La Uni贸n', 207),
	(1692, 'Mangulile', 207),
	(1693, 'Manto', 207),
	(1694, 'Salam谩', 207),
	(1695, 'San Esteban', 207),
	(1696, 'San Francisco de Becerra', 207),
	(1697, 'San Francisco de la Paz', 207),
	(1698, 'Santa Mar铆a del Real', 207),
	(1699, 'Silca', 207),
	(1700, 'Yoc贸n', 207),
	(1701, 'Patuca', 207),
	(1702, 'Santa B谩rbara', 208),
	(1703, 'Arada', 208),
	(1704, 'Atima', 208),
	(1705, 'Azacualpa', 208),
	(1706, 'Ceguaca', 208),
	(1707, 'Chinda', 208),
	(1708, 'Concepci贸n del Norte', 208),
	(1709, 'Concepci贸n de Oriente', 208),
	(1710, 'Gualala', 208),
	(1711, 'Ilama', 208),
	(1712, 'Las Vegas', 208),
	(1713, 'Macuelizo', 208),
	(1714, 'Naranjito', 208),
	(1715, 'Nuevo Celilac', 208),
	(1716, 'Petoa', 208),
	(1717, 'Protecci贸n', 208),
	(1718, 'Quimist谩n', 208),
	(1719, 'San Francisco de Ojuera', 208),
	(1720, 'San Jos茅 de Colinas', 208),
	(1721, 'San Luis', 208),
	(1722, 'San Marcos', 208),
	(1723, 'San Nicol谩s', 208),
	(1724, 'San Pedro Zacapa', 208),
	(1725, 'San Vicente Centenario', 208),
	(1726, 'Santa Rita', 208),
	(1727, 'Trinidad', 208),
	(1728, 'Las Flores', 208),
	(1729, 'Nuevo Occidente', 208),
	(1730, 'Nacaome', 209),
	(1731, 'Alianza', 209),
	(1732, 'Amapala', 209),
	(1733, 'Aramecina', 209),
	(1734, 'Caridad', 209),
	(1735, 'Goascor谩n', 209),
	(1736, 'Langue', 209),
	(1737, 'San Francisco de Coray', 209),
	(1738, 'San Lorenzo', 209),
	(1739, 'Yoro', 210),
	(1740, 'Arenal', 210),
	(1741, 'El Negrito', 210),
	(1742, 'El Progreso', 210),
	(1743, 'Joc贸n', 210),
	(1744, 'Moraz谩n', 210),
	(1745, 'Olanchito', 210),
	(1746, 'Santa Rita', 210),
	(1747, 'Sulaco', 210),
	(1748, 'Victoria', 210),
	(1749, 'Yorito', 210),
	(1750, 'Boaco', 243),
	(1751, 'Camoapa', 243),
	(1752, 'San Lorenzo', 243),
	(1753, 'San Jos茅 de los Remates', 243),
	(1754, 'Santa Luc铆a', 243),
	(1755, 'Teustepe', 243),
	(1756, 'Diriamba', 244),
	(1757, 'Dolores', 244),
	(1758, 'El Rosario', 244),
	(1759, 'Jinotepe', 244),
	(1760, 'La Conquista', 244),
	(1761, 'La Paz de Carazo', 244),
	(1762, 'San Marcos', 244),
	(1763, 'Santa Teresa', 244),
	(1764, 'Chinandega', 245),
	(1765, 'Chichigalpa', 245),
	(1766, 'Corinto', 245),
	(1767, 'El Realejo', 245),
	(1768, 'El Viejo', 245),
	(1769, 'Posoltega', 245),
	(1770, 'Puerto Moraz谩n', 245),
	(1771, 'Somotillo', 245),
	(1772, 'Villanueva', 245),
	(1773, 'Santo Tom谩s del Norte', 245),
	(1774, 'Cinco Pinos', 245),
	(1775, 'San Pedro del Norte', 245),
	(1776, 'San Francisco del Norte', 245),
	(1777, 'Juigalpa', 246),
	(1778, 'Acoyapa', 246),
	(1779, 'Comalapa', 246),
	(1780, 'El Coral', 246),
	(1781, 'La Libertad', 246),
	(1782, 'San Pedro de L贸vago', 246),
	(1783, 'Santo Domingo', 246),
	(1784, 'Santo Tom谩s', 246),
	(1785, 'Villa Sandino', 246),
	(1786, 'San Francisco de Cuapa', 246),
	(1787, 'Estel铆', 247),
	(1788, 'Condega', 247),
	(1789, 'La Trinidad', 247),
	(1790, 'Pueblo Nuevo', 247),
	(1791, 'San Juan de Limay', 247),
	(1792, 'San Nicol谩s', 247),
	(1793, 'Granada', 248),
	(1794, 'Diri谩', 248),
	(1795, 'Diriomo', 248),
	(1796, 'Nandaime', 248),
	(1797, 'Jinotega', 249),
	(1798, 'El Cu谩', 249),
	(1799, 'La Concordia', 249),
	(1800, 'San Rafael del Norte', 249),
	(1801, 'San Sebasti谩n de Yal铆', 249),
	(1802, 'Santa Mar铆a de Pantasma', 249),
	(1803, 'Wiwil铆 de Jinotega', 249),
	(1804, 'San Jos茅 de Bocay', 249),
	(1805, 'Le贸n', 250),
	(1806, 'Achuapa', 250),
	(1807, 'El Jicaral', 250),
	(1808, 'El Sauce', 250),
	(1809, 'La Paz Centro', 250),
	(1810, 'Larreynaga (Malpaisillo)', 250),
	(1811, 'Nagarote', 250),
	(1812, 'Quezalguaque', 250),
	(1813, 'Telica', 250),
	(1814, 'Santa Rosa del Pe帽贸n', 250),
	(1815, 'Somoto', 251),
	(1816, 'Las Sabanas', 251),
	(1817, 'Palacag眉ina', 251),
	(1818, 'San Jos茅 de Cusmapa', 251),
	(1819, 'San Juan de R铆o Coco', 251),
	(1820, 'San Lucas', 251),
	(1821, 'Telpaneca', 251),
	(1822, 'Totogalpa', 251),
	(1823, 'Yalag眉ina', 251),
	(1824, 'Managua', 252),
	(1825, 'Ciudad Sandino', 252),
	(1826, 'El Crucero', 252),
	(1827, 'Mateare', 252),
	(1828, 'San Francisco Libre', 252),
	(1829, 'San Rafael del Sur', 252),
	(1830, 'Ticuantepe', 252),
	(1831, 'Tipitapa', 252),
	(1832, 'Villa El Carmen', 252),
	(1833, 'Masaya', 253),
	(1834, 'Catarina', 253),
	(1835, 'La Concepci贸n', 253),
	(1836, 'Masatepe', 253),
	(1837, 'Nandasmo', 253),
	(1838, 'Nindir铆', 253),
	(1839, 'Niquinohomo', 253),
	(1840, 'San Juan de Oriente', 253),
	(1841, 'Tisma', 253),
	(1842, 'Matagalpa', 254),
	(1843, 'Ciudad Dar铆o', 254),
	(1844, 'El Tuma - La Dalia', 254),
	(1845, 'Esquipulas', 254),
	(1846, 'Matigu谩s', 254),
	(1847, 'Muy Muy', 254),
	(1848, 'Rancho Grande', 254),
	(1849, 'R铆o Blanco', 254),
	(1850, 'San Dionisio', 254),
	(1851, 'San Isidro', 254),
	(1852, 'San Ram贸n', 254),
	(1853, 'S茅baco', 254),
	(1854, 'Terrabona', 254),
	(1855, 'Ocotal', 255),
	(1856, 'Ciudad Antigua', 255),
	(1857, 'Dipilto', 255),
	(1858, 'El J铆caro', 255),
	(1859, 'Jalapa', 255),
	(1860, 'Macuelizo', 255),
	(1861, 'Mozonte', 255),
	(1862, 'Murra', 255),
	(1863, 'Quilal铆', 255),
	(1864, 'San Fernando', 255),
	(1865, 'Santa Mar铆a', 255),
	(1866, 'Wiwil铆 de Nueva Segovia', 255),
	(1867, 'Rivas', 256),
	(1868, 'Altagracia', 256),
	(1869, 'Bel茅n', 256),
	(1870, 'Buenos Aires', 256),
	(1871, 'C谩rdenas', 256),
	(1872, 'Moyogalpa', 256),
	(1873, 'Potos铆', 256),
	(1874, 'San Jorge', 256),
	(1875, 'San Juan del Sur', 256),
	(1876, 'Tola', 256),
	(1877, 'San Carlos', 257),
	(1878, 'El Almendro', 257),
	(1879, 'El Castillo', 257),
	(1880, 'Morrito', 257),
	(1881, 'San Juan del Norte', 257),
	(1882, 'San Miguelito', 257),
	(1883, 'Puerto Cabezas', 258),
	(1884, 'Waspam', 258),
	(1885, 'Siuna', 258),
	(1886, 'Bonanza', 258),
	(1887, 'Rosita', 258),
	(1888, 'Mulukuk煤', 258),
	(1889, 'Prinzapolka', 258),
	(1890, 'Waslala', 258),
	(1891, 'Bluefields', 259),
	(1892, 'Corn Island', 259),
	(1893, 'Desembocadura de R铆o Grande', 259),
	(1894, 'El Rama', 259),
	(1895, 'Kukra Hill', 259),
	(1896, 'La Cruz de R铆o Grande', 259),
	(1897, 'Laguna de Perlas', 259),
	(1898, 'Muelle de los Bueyes', 259),
	(1899, 'Nueva Guinea', 259),
	(1900, 'Paiwas', 259),
	(1901, 'El Tortuguero', 259),
	(1902, 'El Ayote', 259),
	(1903, 'Bah铆a Negra', 274),
	(1904, 'Capit谩n Carmelo Peralta', 274),
	(1905, 'Fuerte Olimpo', 274),
	(1906, 'Puerto Casado', 274),
	(1907, 'Ciudad del Este', 275),
	(1908, 'Doctor Juan Le贸n Mallorqu铆n', 275),
	(1909, 'Doctor Ra煤l Pe帽a', 275),
	(1910, 'Domingo Mart铆nez de Irala', 275),
	(1911, 'Hernandarias', 275),
	(1912, 'Iru帽a', 275),
	(1913, 'Itakyry', 275),
	(1914, 'Juan Emilio O\'Leary', 275),
	(1915, 'Los Cedrales', 275),
	(1916, 'Mbaracay煤', 275),
	(1917, 'Minga Guaz煤', 275),
	(1918, 'Minga Por谩', 275),
	(1919, 'Naranjal', 275),
	(1920, 'acunday', 275),
	(1921, 'Presidente Franco', 275),
	(1922, 'San Alberto', 275),
	(1923, 'San Crist贸bal', 275),
	(1924, 'Santa Fe del Paran谩', 275),
	(1925, 'Santa Rita', 275),
	(1926, 'Santa Rosa del Monday', 275),
	(1927, 'Tavapy', 275),
	(1928, 'Yguaz煤', 275),
	(1929, 'Bella Vista Norte', 276),
	(1930, 'Capit谩n Bado', 276),
	(1931, 'Cerro Cor谩', 276),
	(1932, 'Karapa铆', 276),
	(1933, 'Pedro Juan Caballero', 276),
	(1934, 'Zanja Pyt谩', 276),
	(1935, 'Filadelfia', 277),
	(1936, 'Loma Plata', 277),
	(1937, 'Mariscal Jos茅 F茅lix Estigarribia', 277),
	(1938, '3 de Febrero', 278),
	(1939, 'Caaguaz煤', 278),
	(1940, 'Carayao', 278),
	(1941, 'Coronel Oviedo', 278),
	(1942, 'Doctor Cecilio B谩ez', 278),
	(1943, 'Doctor J. Eulogio Estigarribia', 278),
	(1944, 'Doctor Juan Manuel Frutos', 278),
	(1945, 'Jos茅 Domingo Ocampos', 278),
	(1946, 'La Pastora', 278),
	(1947, 'Mariscal Francisco Solano L贸pez', 278),
	(1948, 'Nueva Londres', 278),
	(1949, 'Nueva Toledo', 278),
	(1950, 'R.I. 3 Corrales', 278),
	(1951, 'Ra煤l Arsenio Oviedo', 278),
	(1952, 'Repatriaci贸n', 278),
	(1953, 'San Joaqu铆n', 278),
	(1954, 'San Jos茅 de los Arroyos', 278),
	(1955, 'Santa Rosa del Mbutuy', 278),
	(1956, 'Sim贸n Bol铆var', 278),
	(1957, 'Tembiapor谩', 278),
	(1958, 'Vaquer铆a', 278),
	(1959, 'Yh煤', 278),
	(1960, '3 de Mayo', 279),
	(1961, 'Aba铆', 279),
	(1962, 'Buena Vista', 279),
	(1963, 'Caazap谩', 279),
	(1964, 'Coronel Maciel', 279),
	(1965, 'Doctor Mois茅s S. Bertoni', 279),
	(1966, 'Fulgencio Yegros', 279),
	(1967, 'General Higinio Mor铆nigo', 279),
	(1968, 'San Juan Nepomuceno', 279),
	(1969, 'Tava铆', 279),
	(1970, 'Yuty', 279),
	(1971, 'Corpus Christi', 280),
	(1972, 'Curuguaty', 280),
	(1973, 'General Francisco Caballero lvarez', 280),
	(1974, 'Itanar谩', 280),
	(1975, 'Katuet茅', 280),
	(1976, 'La Paloma del Esp铆ritu Santo', 280),
	(1977, 'Maracan谩', 280),
	(1978, 'Puerto Adela', 280),
	(1979, 'Laurel', 280),
	(1980, 'Nueva Esperanza', 280),
	(1981, 'Salto del Guair谩', 280),
	(1982, 'Villa Ygatim铆', 280),
	(1983, 'Yasy Ca帽y', 280),
	(1984, 'Yby Pyt谩', 280),
	(1985, 'Ypejh煤', 280),
	(1986, 'Ybyraroban谩', 280),
	(1987, 'Asunci贸n', 291),
	(1988, 'Aregu谩', 281),
	(1989, 'Capiat谩', 281),
	(1990, 'Fernando de la Mora', 281),
	(1991, 'Guarambar茅', 281),
	(1992, 'It谩', 281),
	(1993, 'Itaugu谩', 281),
	(1994, 'J. Augusto Sald铆var', 281),
	(1995, 'Lambar茅', 281),
	(1996, 'Limpio', 281),
	(1997, 'Luque', 281),
	(1998, 'Mariano Roque Alonso', 281),
	(1999, 'Nueva Italia', 281),
	(2000, 'emby', 281),
	(2001, 'San Antonio', 281),
	(2002, 'San Lorenzo', 281),
	(2003, 'Villa Elisa', 281),
	(2004, 'Villeta', 281),
	(2005, 'Ypacara铆', 281),
	(2006, 'Ypan茅', 281),
	(2007, 'Arroyito', 282),
	(2008, 'Azote\'y', 282),
	(2009, 'Bel茅n', 282),
	(2010, 'Concepci贸n', 282),
	(2011, 'Horqueta', 282),
	(2012, 'Loreto', 282),
	(2013, 'Paso Barreto', 282),
	(2014, 'Paso Horqueta', 282),
	(2015, 'San Alfredo', 282),
	(2016, 'San L谩zaro', 282),
	(2017, 'San Carlos del Apa', 282),
	(2018, 'Sargento Jos茅 F茅lix L贸pez', 282),
	(2019, 'Yby Ya\'u', 282),
	(2020, 'Altos', 283),
	(2021, 'Arroyos y Esteros', 283),
	(2022, 'Atyr谩', 283),
	(2023, 'Caacup茅', 283),
	(2024, 'Caraguatay', 283),
	(2025, 'Emboscada', 283),
	(2026, 'Eusebio Ayala', 283),
	(2027, 'Isla Puc煤', 283),
	(2028, 'Itacurub铆 de la Cordillera', 283),
	(2029, 'Juan de Mena', 283),
	(2030, 'Loma Grande', 283),
	(2031, 'Mbocayaty del Yhaguy', 283),
	(2032, 'Nueva Colombia', 283),
	(2033, 'Piribebuy', 283),
	(2034, 'Primero de Marzo', 283),
	(2035, 'San Bernardino', 283),
	(2036, 'San Jos茅 Obrero', 283),
	(2037, 'Santa Elena', 283),
	(2038, 'Tobat铆', 283),
	(2039, 'Valenzuela', 283),
	(2040, 'Coronel Mart铆nez', 284),
	(2041, 'Borja', 284),
	(2042, 'Doctor Botrell', 284),
	(2043, 'Eugenio A. Garay', 284),
	(2044, 'F茅lix P茅rez Cardozo', 284),
	(2045, 'Independencia', 284),
	(2046, 'Itap茅', 284),
	(2047, 'Iturbe', 284),
	(2048, 'Jos茅 Fassardi', 284),
	(2049, 'Jos茅 Mauricio Troche', 284),
	(2050, 'Mbocayaty del Guair谩', 284),
	(2051, 'Natalicio Talavera', 284),
	(2052, 'um铆', 284),
	(2053, 'Paso Yob谩i', 284),
	(2054, 'San Salvador', 284),
	(2055, 'Tebicuary', 284),
	(2056, 'Villarrica', 284),
	(2057, 'Yataity', 284),
	(2058, 'Alto Ver谩', 285),
	(2059, 'Bella Vista', 285),
	(2060, 'Cambyret谩', 285),
	(2061, 'Capit谩n Meza', 285),
	(2062, 'Capit谩n Miranda', 285),
	(2063, 'Carlos Antonio L贸pez', 285),
	(2064, 'Carmen del Paran谩', 285),
	(2065, 'Coronel Bogado', 285),
	(2066, 'Edelira', 285),
	(2067, 'Encarnaci贸n', 285),
	(2068, 'Fram', 285),
	(2069, 'General Jos茅 Mar铆a Delgado', 285),
	(2070, 'General Artigas', 285),
	(2071, 'Hohenau', 285),
	(2072, 'Itap煤a Poty', 285),
	(2073, 'Jes煤s de Tavarang眉e', 285),
	(2074, 'Jos茅 Leandro Oviedo', 285),
	(2075, 'La Paz', 285),
	(2076, 'Mayor Ota帽o', 285),
	(2077, 'Natalio', 285),
	(2078, 'Nueva Alborada', 285),
	(2079, 'Obligado', 285),
	(2080, 'Pirap贸', 285),
	(2081, 'San Cosme y Dami谩n', 285),
	(2082, 'San Juan del Paran谩', 285),
	(2083, 'San Pedro del Paran谩', 285),
	(2084, 'San Rafael del Paran谩', 285),
	(2085, 'Tom谩s Romero Pereira', 285),
	(2086, 'Trinidad', 285),
	(2087, 'Yatytay', 285),
	(2098, 'Alberdi', 287),
	(2099, 'Cerrito', 287),
	(2100, 'Desmochados', 287),
	(2101, 'General Jos茅 E. D铆az', 287),
	(2102, 'Guazucu谩', 287),
	(2103, 'Humait谩', 287),
	(2104, 'Isla Umb煤', 287),
	(2105, 'Laureles', 287),
	(2106, 'Mayor Jos茅 D. Mart铆nez', 287),
	(2107, 'Paso de Patria', 287),
	(2108, 'Pilar', 287),
	(2109, 'San Juan Bautista del eembuc煤', 287),
	(2110, 'Tacuaras', 287),
	(2111, 'Villa Franca', 287),
	(2112, 'Villa Oliva', 287),
	(2113, 'Villalb铆n', 287),
	(2114, 'Acahay', 288),
	(2115, 'Caapuc煤', 288),
	(2116, 'Carapegu谩', 288),
	(2117, 'Escobar', 288),
	(2118, 'General Bernardino Caballero', 288),
	(2119, 'La Colmena', 288),
	(2120, 'Mar铆a Antonia', 288),
	(2121, 'Mbuyapey', 288),
	(2122, 'Paraguar铆', 288),
	(2123, 'Piray煤', 288),
	(2124, 'Quiindy', 288),
	(2125, 'Quyquyh贸', 288),
	(2126, 'San Roque Gonz谩lez de Santa Cruz', 288),
	(2127, 'Sapucai', 288),
	(2128, 'Tebicuarym铆', 288),
	(2129, 'Yaguar贸n', 288),
	(2130, 'Ybycu铆', 288),
	(2131, 'Benjam铆n Aceval', 289),
	(2132, 'Campo Aceval', 289),
	(2133, 'General Jos茅 Mar铆a Bruguez', 289),
	(2134, 'Jos茅 Falc贸n', 289),
	(2135, 'Nueva Asunci贸n', 289),
	(2136, 'Nanawa', 289),
	(2137, 'Puerto Pinasco', 289),
	(2138, 'Tte. 1ro. Manuel Irala Fern谩ndez', 289),
	(2139, 'Tte. Esteban Mart铆nez', 289),
	(2140, 'Villa Hayes', 289),
	(2141, '25 de Diciembre', 290),
	(2142, 'Antequera', 290),
	(2143, 'Capiibary', 290),
	(2144, 'Chor茅', 290),
	(2145, 'General Elizardo Aquino', 290),
	(2146, 'General Resqu铆n', 290),
	(2147, 'Guayaib铆', 290),
	(2148, 'Itacurub铆 del Rosario', 290),
	(2149, 'Liberaci贸n', 290),
	(2150, 'Lima', 290),
	(2151, 'Nueva Germania', 290),
	(2152, 'San Estanislao', 290),
	(2153, 'San Pablo', 290),
	(2154, 'San Pedro de Ycuamandyy煤', 290),
	(2155, 'San Vicente Pancholo', 290),
	(2156, 'Santa Rosa del Aguaray', 290),
	(2157, 'Tacuat铆', 290),
	(2158, 'Uni贸n', 290),
	(2159, 'Villa del Rosario', 290),
	(2160, 'Yataity del Norte', 290),
	(2161, 'Yrybucu谩', 290),
	(2162, 'Libertador', 391),
	(2170, 'Anaco', 369),
	(2171, 'Aragua', 369),
	(2172, 'Diego Bautista Urbaneja', 369),
	(2173, 'Fernando de Pe帽alver', 369),
	(2174, 'Francisco del Carmen Carvajal', 369),
	(2175, 'Francisco de Miranda', 369),
	(2176, 'Guanta', 369),
	(2177, 'Independencia', 369),
	(2178, 'Jos茅 Gregorio Monagas', 369),
	(2179, 'Juan Antonio Sotillo', 369),
	(2180, 'Juan Manuel Cajigal', 369),
	(2181, 'Libertad', 369),
	(2182, 'McGregor', 369),
	(2183, 'Miranda', 369),
	(2184, 'Pedro Mar铆a Freites', 369),
	(2185, 'P铆ritu', 369),
	(2186, 'San Jos茅 de Guanipa', 369),
	(2187, 'San Juan de Capistrano', 369),
	(2188, 'Santa Ana', 369),
	(2189, 'Sim贸n Bol铆var', 369),
	(2190, 'Sir Arthur McGregor', 369),
	(2191, 'Achaguas', 370),
	(2192, 'Biruaca', 370),
	(2193, 'Mu帽oz', 370),
	(2194, 'P谩ez', 370),
	(2195, 'Pedro Camejo', 370),
	(2196, 'R贸mulo Gallegos', 370),
	(2197, 'San Fernando', 370),
	(2198, 'Bol铆var', 371),
	(2199, 'Camatagua', 371),
	(2200, 'Francisco Linares Alc谩ntara', 371),
	(2201, 'Girardot', 371),
	(2202, 'Jos茅 ngel Lamas', 371),
	(2203, 'Jos茅 F茅lix Ribas', 371),
	(2204, 'Jos茅 Rafael Revenga', 371),
	(2205, 'Libertador', 371),
	(2206, 'Mario Brice帽o Iragorry', 371),
	(2207, 'Ocumare de la Costa de Oro', 371),
	(2208, 'San Casimiro', 371),
	(2209, 'San Sebasti谩n', 371),
	(2210, 'Santiago Mari帽o', 371),
	(2211, 'Santos Michelena', 371),
	(2212, 'Sucre', 371),
	(2213, 'Tovar', 371),
	(2214, 'Urdaneta', 371),
	(2215, 'Zamora', 371),
	(2216, 'Alberto Arvelo Torrealba', 372),
	(2217, 'Antonio Jos茅 de Sucre', 372),
	(2218, 'Arismendi', 372),
	(2219, 'Barinas', 372),
	(2220, 'Bol铆var', 372),
	(2221, 'Cruz Paredes', 372),
	(2222, 'Ezequiel Zamora', 372),
	(2223, 'Obispos', 372),
	(2224, 'Pedraza', 372),
	(2225, 'Rojas', 372),
	(2226, 'Sosa', 372),
	(2227, 'Andr茅s Eloy Blanco', 372),
	(2239, 'Bejuma', 374),
	(2240, 'Carlos Arvelo', 374),
	(2241, 'Diego Ibarra', 374),
	(2242, 'Guacara', 374),
	(2243, 'Juan Jos茅 Mora', 374),
	(2244, 'Libertador', 374),
	(2245, 'Los Guayos', 374),
	(2246, 'Miranda', 374),
	(2247, 'Montalb谩n', 374),
	(2248, 'Naguanagua', 374),
	(2249, 'Puerto Cabello', 374),
	(2250, 'San Diego', 374),
	(2251, 'San Joaqu铆n', 374),
	(2252, 'Valencia', 374),
	(2253, 'Anzo谩tegui', 375),
	(2254, 'El Pao', 375),
	(2255, 'Ezequiel Zamora', 375),
	(2256, 'Falc贸n', 375),
	(2257, 'Girardot', 375),
	(2258, 'Lima Blanco', 375),
	(2259, 'Pao de San Juan Bautista', 375),
	(2260, 'Ricaurte', 375),
	(2261, 'Tinaco', 375),
	(2262, 'Antonio D铆az', 376),
	(2263, 'Casacoima', 376),
	(2264, 'Pedernales', 376),
	(2265, 'Tucupita', 376),
	(2266, 'Acosta', 377),
	(2267, 'Bol铆var', 377),
	(2268, 'Buchivacoa', 377),
	(2269, 'Cacique Manaure', 377),
	(2270, 'Carirubana', 377),
	(2271, 'Colina', 377),
	(2272, 'Dabajuro', 377),
	(2273, 'Democracia', 377),
	(2274, 'Falc贸n', 377),
	(2275, 'Federaci贸n', 377),
	(2276, 'Jacura', 377),
	(2277, 'Los Taques', 377),
	(2278, 'Mauroa', 377),
	(2279, 'Miranda', 377),
	(2280, 'Monse帽or Iturriza', 377),
	(2281, 'Palmasola', 377),
	(2282, 'Petit', 377),
	(2283, 'P铆ritu', 377),
	(2284, 'San Francisco', 377),
	(2285, 'Silva', 377),
	(2286, 'Sucre', 377),
	(2287, 'Toc贸pero', 377),
	(2288, 'Uni贸n', 377),
	(2289, 'Urumaco', 377),
	(2290, 'Zamora', 377),
	(2291, 'Camagu谩n', 378),
	(2292, 'Chaguaramas', 378),
	(2293, 'El Socorro', 378),
	(2294, 'Francisco de Miranda', 378),
	(2295, 'Jos茅 F茅lix Ribas', 378),
	(2296, 'Jos茅 Tadeo Monagas', 378),
	(2297, 'Juan Germ谩n Roscio', 378),
	(2298, 'Juan Jos茅 Rond贸n', 378),
	(2299, 'Leonardo Infante', 378),
	(2300, 'Ortiz', 378),
	(2301, 'San Ger贸nimo de Guayabal', 378),
	(2302, 'San Jos茅 de Guaribe', 378),
	(2303, 'Santa Mar铆a de Ipire', 378),
	(2304, 'Zaraza', 378),
	(2305, 'Juli谩n Mellado', 378),
	(2306, 'Iribarren', 379),
	(2307, 'Palavecino', 379),
	(2308, 'Crespo', 379),
	(2309, 'Jim茅nez', 379),
	(2310, 'Mor谩n', 379),
	(2311, 'Torres', 379),
	(2312, 'Urdaneta', 379),
	(2313, 'Andr茅s Eloy Blanco', 379),
	(2314, 'Sim贸n Planas', 379),
	(2315, 'Alberto Adriani', 380),
	(2316, 'Andr茅s Bello', 380),
	(2317, 'Antonio Pinto Salinas', 380),
	(2318, 'Aricagua', 380),
	(2319, 'Arzobispo Chac贸n', 380),
	(2320, 'Campo El铆as', 380),
	(2321, 'Caracciolo Parra y Olmedo', 380),
	(2322, 'Cardenal Quintero', 380),
	(2323, 'Guaraque', 380),
	(2324, 'Julio C茅sar Salas', 380),
	(2325, 'Justo Brice帽o', 380),
	(2326, 'Libertador', 380),
	(2327, 'Miranda', 380),
	(2328, 'Obispo Ramos de Lora', 380),
	(2329, 'Padre Noguera', 380),
	(2330, 'Rangel', 380),
	(2331, 'Rivas D谩vila', 380),
	(2332, 'Santos Marquina', 380),
	(2333, 'Sucre', 380),
	(2334, 'Tovar', 380),
	(2335, 'Tulio Febres Cordero', 380),
	(2336, 'Zea', 380),
	(2337, 'Acevedo', 381),
	(2338, 'Andr茅s Bello', 381),
	(2339, 'Baruta', 381),
	(2340, 'Bri贸n', 381),
	(2341, 'Buroz', 381),
	(2342, 'Carrizal', 381),
	(2343, 'Chacao', 381),
	(2344, 'Crist贸bal Rojas', 381),
	(2345, 'El Hatillo', 381),
	(2346, 'Guaicaipuro', 381),
	(2347, 'Independencia', 381),
	(2348, 'Lander', 381),
	(2349, 'Los Salias', 381),
	(2350, 'P谩ez', 381),
	(2351, 'Paz Castillo', 381),
	(2352, 'Pedro Gual', 381),
	(2353, 'Plaza', 381),
	(2354, 'Sim贸n Bol铆var', 381),
	(2355, 'Sucre', 381),
	(2356, 'Urdaneta', 381),
	(2357, 'Zamora', 381),
	(2358, 'Acosta', 382),
	(2359, 'Aguasay', 382),
	(2360, 'Bol铆var', 382),
	(2361, 'Caripe', 382),
	(2362, 'Cede帽o', 382),
	(2363, 'Ezequiel Zamora', 382),
	(2364, 'Libertador', 382),
	(2365, 'Matur铆n', 382),
	(2366, 'Piar', 382),
	(2367, 'Punceres', 382),
	(2368, 'Santa B谩rbara', 382),
	(2369, 'Sotillo', 382),
	(2370, 'Uracoa', 382),
	(2371, 'Antol铆n del Campo', 383),
	(2372, 'Arismendi', 383),
	(2373, 'D铆az', 383),
	(2374, 'Garc铆a', 383),
	(2375, 'G贸mez', 383),
	(2376, 'Maneiro', 383),
	(2377, 'Marcano', 383),
	(2378, 'Mari帽o', 383),
	(2379, 'Pen铆nsula de Macanao', 383),
	(2380, 'Tubores', 383),
	(2381, 'Villalba', 383),
	(2382, 'Agua Blanca', 384),
	(2383, 'Araure', 384),
	(2384, 'Esteller', 384),
	(2385, 'Guanare', 384),
	(2386, 'Guanarito', 384),
	(2387, 'Monse帽or Jos茅 Vicente de Unda', 384),
	(2388, 'Ospino', 384),
	(2389, 'P谩ez', 384),
	(2390, 'Papel贸n', 384),
	(2391, 'San Genaro de Bocono铆to', 384),
	(2392, 'San Rafael de Onoto', 384),
	(2393, 'Santa Rosal铆a', 384),
	(2394, 'Sucre', 384),
	(2395, 'Tur茅n', 384),
	(2411, 'Andr茅s Bello', 386),
	(2412, 'Antonio R贸mulo Costa', 386),
	(2413, 'Ayacucho', 386),
	(2414, 'Bol铆var', 386),
	(2415, 'C谩rdenas', 386),
	(2416, 'C贸rdoba', 386),
	(2417, 'Fern谩ndez Feo', 386),
	(2418, 'Francisco de Miranda', 386),
	(2419, 'Garc铆a de Hevia', 386),
	(2420, 'Gu谩simos', 386),
	(2421, 'Independencia', 386),
	(2422, 'J谩uregui', 386),
	(2423, 'Jos茅 Mar铆a Vargas', 386),
	(2424, 'Jun铆n', 386),
	(2425, 'Libertad', 386),
	(2426, 'Libertador', 386),
	(2427, 'Lobatera', 386),
	(2428, 'Michelena', 386),
	(2429, 'Panamericano', 386),
	(2430, 'Pedro Mar铆a Ure帽a', 386),
	(2431, 'Rafael Urdaneta', 386),
	(2432, 'Samuel Dar铆o Maldonado', 386),
	(2433, 'San Crist贸bal', 386),
	(2434, 'Seboruco', 386),
	(2435, 'Sim贸n Rodr铆guez', 386),
	(2436, 'Sucre', 386),
	(2437, 'Torbes', 386),
	(2438, 'Uribante', 386),
	(2439, 'Francisco de Paula Santander', 386),
	(2440, 'Andr茅s Bello', 387),
	(2441, 'Bocon贸', 387),
	(2442, 'Bol铆var', 387),
	(2443, 'Candelaria', 387),
	(2444, 'Carache', 387),
	(2445, 'Escuque', 387),
	(2446, 'Jos茅 Felipe M谩rquez Ca帽izales', 387),
	(2447, 'Juan Vicente Campo El铆as', 387),
	(2448, 'La Ceiba', 387),
	(2449, 'Miranda', 387),
	(2450, 'Monte Carmelo', 387),
	(2451, 'Motat谩n', 387),
	(2452, 'Pamp谩n', 387),
	(2453, 'Pampanito', 387),
	(2454, 'Rafael Rangel', 387),
	(2455, 'San Rafael de Carvajal', 387),
	(2456, 'Sucre', 387),
	(2457, 'Trujillo', 387),
	(2458, 'Urdaneta', 387),
	(2459, 'Valera', 387),
	(2460, 'Vargas', 388),
	(2461, 'Ar铆stides Bastidas', 389),
	(2462, 'Bol铆var', 389),
	(2463, 'Bruzual', 389),
	(2464, 'Cocorote', 389),
	(2465, 'Independencia', 389),
	(2466, 'Jos茅 Antonio P谩ez', 389),
	(2467, 'La Trinidad', 389),
	(2468, 'Manuel Monge', 389),
	(2469, 'Nirgua', 389),
	(2470, 'Pe帽a', 389),
	(2471, 'San Felipe', 389),
	(2472, 'Sucre', 389),
	(2473, 'Urachiche', 389),
	(2474, 'Veroes', 389),
	(2475, 'Almirante Padilla', 390),
	(2476, 'Baralt', 390),
	(2477, 'Cabimas', 390),
	(2478, 'Catatumbo', 390),
	(2479, 'Col贸n', 390),
	(2480, 'Francisco Javier Pulgar', 390),
	(2481, 'Guajira', 390),
	(2482, 'Jes煤s Enrique Lossada', 390),
	(2483, 'Jes煤s Mar铆a Sempr煤n', 390),
	(2484, 'La Ca帽ada de Urdaneta', 390),
	(2485, 'Lagunillas', 390),
	(2486, 'Machiques de Perij谩', 390),
	(2487, 'Mara', 390),
	(2488, 'Maracaibo', 390),
	(2489, 'Miranda', 390),
	(2490, 'Rosario de Perij谩', 390),
	(2491, 'San Francisco', 390),
	(2492, 'Santa Rita', 390),
	(2493, 'Sim贸n Bol铆var', 390),
	(2494, 'Sucre', 390),
	(2495, 'Valmore Rodr铆guez', 390),
	(2496, 'Camagu谩n', 378),
	(2497, 'Chaguaramas', 378),
	(2498, 'El Socorro', 378),
	(2499, 'Francisco de Miranda', 378),
	(2500, 'Jos茅 F茅lix Ribas', 378),
	(2501, 'Jos茅 Tadeo Monagas', 378),
	(2502, 'Juan Germ谩n Roscio', 378),
	(2503, 'Juli谩n Mellado', 378),
	(2504, 'Juan Jos茅 Rond贸n', 378),
	(2505, 'Leonardo Infante', 378),
	(2506, 'Ortiz', 378),
	(2507, 'Zaraza', 378),
	(2508, 'San Jos茅 de Guaribe', 378),
	(2509, 'San Ger贸nimo de Guayabal', 378),
	(2510, 'Santa Mar铆a de Ipire', 378),
	(2511, 'Andr茅s Eloy Blanco', 379),
	(2512, 'Crespo', 379),
	(2513, 'Iribarren', 379),
	(2514, 'Jim茅nez', 379),
	(2515, 'Mor谩n', 379),
	(2516, 'Palavecino', 379),
	(2517, 'Sim贸n Planas', 379),
	(2518, 'Torres', 379),
	(2519, 'Urdaneta', 379),
	(2526, 'Alberto Adriani', 380),
	(2527, 'Andr茅s Bello', 380),
	(2528, 'Antonio Pinto Salinas', 380),
	(2529, 'Aricagua', 380),
	(2530, 'Arzobispo Chac贸n', 380),
	(2531, 'Campo El铆as', 380),
	(2532, 'Caracciolo Parra Olmedo', 380),
	(2533, 'Cardenal Quintero', 380),
	(2534, 'Guaraque', 380),
	(2535, 'Julio C茅sar Salas', 380),
	(2536, 'Justo Brice帽o', 380),
	(2537, 'Libertador', 380),
	(2538, 'Miranda', 380),
	(2539, 'Obispo Ramos de Lora', 380),
	(2540, 'Padre Noguera', 380),
	(2541, 'Pueblo Llano', 380),
	(2542, 'Rangel', 380),
	(2543, 'Rivas D谩vila', 380),
	(2544, 'Santos Marquina', 380),
	(2545, 'Sucre', 380),
	(2546, 'Tovar', 380),
	(2547, 'Tulio Febres Cordero', 380),
	(2548, 'Zea', 380),
	(2557, 'Acevedo', 381),
	(2558, 'Andr茅s Bello', 381),
	(2559, 'Baruta', 381),
	(2560, 'Bri贸n', 381),
	(2561, 'Buroz', 381),
	(2562, 'Carrizal', 381),
	(2563, 'Chacao', 381),
	(2564, 'Crist贸bal Rojas', 381),
	(2565, 'El Hatillo', 381),
	(2566, 'Guaicaipuro', 381),
	(2567, 'Independencia', 381),
	(2568, 'Lander', 381),
	(2569, 'Los Salias', 381),
	(2570, 'P谩ez', 381),
	(2571, 'Paz Castillo', 381),
	(2572, 'Pedro Gual', 381),
	(2573, 'Plaza', 381),
	(2574, 'Sim贸n Bol铆var', 381),
	(2575, 'Sucre', 381),
	(2576, 'Urdaneta', 381),
	(2577, 'Zamora', 381),
	(2588, 'Acosta', 382),
	(2589, 'Aguasay', 382),
	(2590, 'Bol铆var', 382),
	(2591, 'Caripe', 382),
	(2592, 'Cede帽o', 382),
	(2593, 'Ezequiel Zamora', 382),
	(2594, 'Libertador', 382),
	(2595, 'Matur铆n', 382),
	(2596, 'Piar', 382),
	(2597, 'Punceres', 382),
	(2598, 'Santa B谩rbara', 382),
	(2599, 'Sotillo', 382),
	(2600, 'Uracoa', 382),
	(2603, 'Antol铆n del Campo', 383),
	(2604, 'Arismendi', 383),
	(2605, 'D铆az', 383),
	(2606, 'Garc铆a', 383),
	(2607, 'G贸mez', 383),
	(2608, 'Maneiro', 383),
	(2609, 'Marcano', 383),
	(2610, 'Mari帽o', 383),
	(2611, 'Pen铆nsula de Macanao', 383),
	(2612, 'Tubores', 383),
	(2613, 'Villalba', 383),
	(2618, 'Agua Blanca', 384),
	(2619, 'Araure', 384),
	(2620, 'Esteller', 384),
	(2621, 'Guanare', 384),
	(2622, 'Guanarito', 384),
	(2623, 'Monse帽or Jos茅 Vicente de Unda', 384),
	(2624, 'Ospino', 384),
	(2625, 'P谩ez', 384),
	(2626, 'Papel贸n', 384),
	(2627, 'San Genaro de Bocono铆to', 384),
	(2628, 'San Rafael de Onoto', 384),
	(2629, 'Santa Rosal铆a', 384),
	(2630, 'Sucre', 384),
	(2631, 'Tur茅n', 384),
	(2633, 'Andr茅s Eloy Blanco', 104),
	(2634, 'Andr茅s Mata', 104),
	(2635, 'Arismendi', 104),
	(2636, 'Ben铆tez', 104),
	(2637, 'Berm煤dez', 104),
	(2638, 'Bol铆var', 104),
	(2639, 'Cajigal', 104),
	(2640, 'Cruz Salmer贸n Acosta', 104),
	(2641, 'Libertador', 104),
	(2642, 'Mari帽o', 104),
	(2643, 'Mej铆a', 104),
	(2644, 'Montes', 104),
	(2645, 'Ribero', 104),
	(2646, 'Sucre', 104),
	(2647, 'Valdez', 104),
	(2648, 'Andr茅s Eloy Blanco', 385),
	(2649, 'Andr茅s Mata', 385),
	(2650, 'Arismendi', 385),
	(2651, 'Ben铆tez', 385),
	(2652, 'Berm煤dez', 385),
	(2653, 'Bol铆var', 385),
	(2654, 'Cajigal', 385),
	(2655, 'Cruz Salmer贸n Acosta', 385),
	(2656, 'Libertador', 385),
	(2657, 'Mari帽o', 385),
	(2658, 'Mej铆a', 385),
	(2659, 'Montes', 385),
	(2660, 'Ribero', 385),
	(2661, 'Sucre', 385),
	(2662, 'Valdez', 385),
	(2664, 'Andr茅s Bello', 386),
	(2665, 'Antonio R贸mulo Costa', 386),
	(2666, 'Ayacucho', 386),
	(2667, 'Bol铆var', 386),
	(2668, 'C谩rdenas', 386),
	(2669, 'C贸rdoba', 386),
	(2670, 'Fern谩ndez Feo', 386),
	(2671, 'Francisco de Miranda', 386),
	(2672, 'Garc铆a de Hevia', 386),
	(2673, 'Gu谩simos', 386),
	(2674, 'Independencia', 386),
	(2675, 'J谩uregui', 386),
	(2676, 'Jes煤s Mar铆a Sempr煤n', 386),
	(2677, 'Jos茅 Mar铆a Vargas', 386),
	(2678, 'Jun铆n', 386),
	(2679, 'Libertad', 386),
	(2680, 'Libertador', 386),
	(2681, 'Lobatera', 386),
	(2682, 'Michelena', 386),
	(2683, 'Panamericano', 386),
	(2684, 'Pedro Mar铆a Ure帽a', 386),
	(2685, 'Rafael Urdaneta', 386),
	(2686, 'Samuel Dar铆o Maldonado', 386),
	(2687, 'San Crist贸bal', 386),
	(2688, 'Seboruco', 386),
	(2689, 'Sim贸n Rodr铆guez', 386),
	(2690, 'Sucre', 386),
	(2691, 'Torbes', 386),
	(2692, 'Uribante', 386),
	(2695, 'Andr茅s Bello', 387),
	(2696, 'Bocon贸', 387),
	(2697, 'Bol铆var', 387),
	(2698, 'Candelaria', 387),
	(2699, 'Carache', 387),
	(2700, 'Carvajal', 387),
	(2701, 'Campo El铆as', 387),
	(2702, 'Escuque', 387),
	(2703, 'Jos茅 Felipe M谩rquez Ca帽izales', 387),
	(2704, 'La Ceiba', 387),
	(2705, 'Miranda', 387),
	(2706, 'Monte Carmelo', 387),
	(2707, 'Motat谩n', 387),
	(2708, 'Pamp谩n', 387),
	(2709, 'Pampanito', 387),
	(2710, 'Rafael Rangel', 387),
	(2711, 'San Rafael de Carvajal', 387),
	(2712, 'Sucre', 387),
	(2713, 'Trujillo', 387),
	(2714, 'Urdaneta', 387),
	(2715, 'Valera', 387),
	(2726, 'Vargas', 388),
	(2727, 'Ar铆stides Bastidas', 389),
	(2728, 'Bol铆var', 389),
	(2729, 'Bruzual', 389),
	(2730, 'Cocorote', 389),
	(2731, 'Independencia', 389),
	(2732, 'Jos茅 Antonio P谩ez', 389),
	(2733, 'La Trinidad', 389),
	(2734, 'Manuel Monge', 389),
	(2735, 'Nirgua', 389),
	(2736, 'Pe帽a', 389),
	(2737, 'San Felipe', 389),
	(2738, 'Sucre', 389),
	(2739, 'Urachiche', 389),
	(2740, 'Veroes', 389),
	(2742, 'Almirante Padilla', 390),
	(2743, 'Baralt', 390),
	(2744, 'Cabimas', 390),
	(2745, 'Catatumbo', 390),
	(2746, 'Col贸n', 390),
	(2747, 'Francisco Javier Pulgar', 390),
	(2748, 'Guajira', 390),
	(2749, 'Jes煤s Enrique Lossada', 390),
	(2750, 'Jes煤s Mar铆a Sempr煤n', 390),
	(2751, 'La Ca帽ada de Urdaneta', 390),
	(2752, 'Lagunillas', 390),
	(2753, 'Machiques de Perij谩', 390),
	(2754, 'Mara', 390),
	(2755, 'Maracaibo', 390),
	(2756, 'Miranda', 390),
	(2757, 'Rosario de Perij谩', 390),
	(2758, 'San Francisco', 390),
	(2759, 'Santa Rita', 390),
	(2760, 'Sim贸n Bol铆var', 390),
	(2761, 'Sucre', 390),
	(2762, 'Valmore Rodr铆guez', 390),
	(2773, 'Comuna 1', 5),
	(2774, 'Comuna 2', 5),
	(2775, 'Comuna 3', 5),
	(2776, 'Comuna 4', 5),
	(2777, 'Comuna 5', 5),
	(2778, 'Comuna 6', 5),
	(2779, 'Comuna 7', 5),
	(2780, 'Comuna 8', 5),
	(2781, 'Comuna 9', 5),
	(2782, 'Comuna 10', 5),
	(2783, 'Comuna 11', 5),
	(2784, 'Comuna 12', 5),
	(2785, 'Comuna 13', 5),
	(2786, 'Comuna 14', 5),
	(2787, 'Comuna 15', 5),
	(2788, 'Adolfo Alsina', 1),
	(2789, 'Adolfo Gonzales Chaves', 1),
	(2790, 'Alberti', 1),
	(2791, 'Almirante Brown', 1),
	(2792, 'Arrecifes', 1),
	(2793, 'Avellaneda', 1),
	(2794, 'Ayacucho', 1),
	(2795, 'Azul', 1),
	(2796, 'Bah铆a Blanca', 1),
	(2797, 'Balcarce', 1),
	(2798, 'Baradero', 1),
	(2799, 'Benito Ju谩rez', 1),
	(2800, 'Berazategui', 1),
	(2801, 'Berisso', 1),
	(2802, 'Bol铆var', 1),
	(2803, 'Bragado', 1),
	(2804, 'Brandsen', 1),
	(2805, 'Campana', 1),
	(2806, 'Ca帽uelas', 1),
	(2807, 'Capit谩n Sarmiento', 1),
	(2808, 'Carlos Casares', 1),
	(2809, 'Carlos Tejedor', 1),
	(2810, 'Carmen de Areco', 1),
	(2811, 'Castelli', 1),
	(2812, 'Chacabuco', 1),
	(2813, 'Chascom煤s', 1),
	(2814, 'Chivilcoy', 1),
	(2815, 'Col贸n', 1),
	(2816, 'Coronel Dorrego', 1),
	(2817, 'Coronel Pringles', 1),
	(2818, 'Coronel Rosales', 1),
	(2819, 'Coronel Su谩rez', 1),
	(2820, 'Daireaux', 1),
	(2821, 'Dolores', 1),
	(2822, 'Ensenada', 1),
	(2823, 'Escobar', 1),
	(2824, 'Esteban Echeverr铆a', 1),
	(2825, 'Exaltaci贸n de la Cruz', 1),
	(2826, 'Ezeiza', 1),
	(2827, 'Florencio Varela', 1),
	(2828, 'Florentino Ameghino', 1),
	(2829, 'General Alvarado', 1),
	(2830, 'General Alvear', 1),
	(2831, 'General Arenales', 1),
	(2832, 'General Belgrano', 1),
	(2833, 'General Guido', 1),
	(2834, 'General La Madrid', 1),
	(2835, 'General Las Heras', 1),
	(2836, 'General Lavalle', 1),
	(2837, 'General Madariaga', 1),
	(2838, 'General Paz', 1),
	(2839, 'General Pinto', 1),
	(2840, 'General Pueyrred贸n', 1),
	(2841, 'General Rodr铆guez', 1),
	(2842, 'General San Mart铆n', 1),
	(2843, 'General Viamonte', 1),
	(2844, 'General Villegas', 1),
	(2845, 'Guamin铆', 1),
	(2846, 'Hip贸lito Yrigoyen', 1),
	(2847, 'Hurlingham', 1),
	(2848, 'Ituzaing贸', 1),
	(2849, 'Jos茅 C. Paz', 1),
	(2850, 'Jun铆n', 1),
	(2851, 'La Costa', 1),
	(2852, 'La Matanza', 1),
	(2853, 'La Plata', 1),
	(2854, 'Lan煤s', 1),
	(2855, 'Laprida', 1),
	(2856, 'Las Flores', 1),
	(2857, 'Leandro N. Alem', 1),
	(2858, 'Lincoln', 1),
	(2859, 'Lober铆a', 1),
	(2860, 'Lobos', 1),
	(2861, 'Lomas de Zamora', 1),
	(2862, 'Luj谩n', 1),
	(2863, 'Magdalena', 1),
	(2864, 'Maip煤', 1),
	(2865, 'Malvinas Argentinas', 1),
	(2866, 'Mar Chiquita', 1),
	(2867, 'Marcos Paz', 1),
	(2868, 'Merlo', 1),
	(2869, 'Moreno', 1),
	(2870, 'Mor贸n', 1),
	(2871, 'Navarro', 1),
	(2872, 'Necochea', 1),
	(2873, 'Nueve de Julio', 1),
	(2874, 'Olavarr铆a', 1),
	(2875, 'Patagones', 1),
	(2876, 'Pehuaj贸', 1),
	(2877, 'Pellegrini', 1),
	(2878, 'Pergamino', 1),
	(2879, 'Pila', 1),
	(2880, 'Pilar', 1),
	(2881, 'Pinamar', 1),
	(2882, 'Presidente Per贸n', 1),
	(2883, 'Pu谩n', 1),
	(2884, 'Punta Indio', 1),
	(2885, 'Quilmes', 1),
	(2886, 'Ramallo', 1),
	(2887, 'Rauch', 1),
	(2888, 'Rivadavia', 1),
	(2889, 'Rojas', 1),
	(2890, 'Roque P茅rez', 1),
	(2891, 'Saavedra', 1),
	(2892, 'Saladillo', 1),
	(2893, 'Salliquel贸', 1),
	(2894, 'Salto', 1),
	(2895, 'San Andr茅s de Giles', 1),
	(2896, 'San Antonio de Areco', 1),
	(2897, 'San Cayetano', 1),
	(2898, 'San Fernando', 1),
	(2899, 'San Isidro', 1),
	(2900, 'San Miguel', 1),
	(2901, 'San Nicol谩s', 1),
	(2902, 'San Pedro', 1),
	(2903, 'San Vicente', 1),
	(2904, 'Suipacha', 1),
	(2905, 'Tandil', 1),
	(2906, 'Tapalqu茅', 1),
	(2907, 'Tigre', 1),
	(2908, 'Tordillo', 1),
	(2909, 'Tornquist', 1),
	(2910, 'Trenque Lauquen', 1),
	(2911, 'Tres Arroyos', 1),
	(2912, 'Tres de Febrero', 1),
	(2913, 'Tres Lomas', 1),
	(2914, 'Vicente L贸pez', 1),
	(2915, 'Villa Gesell', 1),
	(2916, 'Villarino', 1),
	(2917, 'Z谩rate', 1),
	(2918, 'Almirante Brown', 1),
	(2919, 'Berazategui', 1),
	(2920, 'Berisso', 1),
	(2921, 'Ensenada', 1),
	(2922, 'Ituzaing贸', 1),
	(2923, 'La Plata', 1),
	(2924, 'Lan煤s', 1),
	(2925, 'Lomas de Zamora', 1),
	(2926, 'Quilmes', 1),
	(2927, 'Avellaneda', 1),
	(2928, 'Mor贸n', 1),
	(2929, 'Hurlingham', 1),
	(2930, 'Merlo', 1),
	(2931, 'Moreno', 1),
	(2932, 'Malvinas Argentinas', 1),
	(2933, 'Jos茅 C. Paz', 1),
	(2934, 'San Miguel', 1),
	(2935, 'San Isidro', 1),
	(2936, 'San Fernando', 1),
	(3043, 'Calamuchita', 6),
	(3044, 'Capital', 6),
	(3045, 'Col贸n', 6),
	(3046, 'Cruz del Eje', 6),
	(3047, 'General Roca', 6),
	(3048, 'General San Mart铆n', 6),
	(3049, 'Ischil铆n', 6),
	(3050, 'Ju谩rez Celman', 6),
	(3051, 'Marcos Ju谩rez', 6),
	(3052, 'Minas', 6),
	(3053, 'Pocho', 6),
	(3054, 'Presidente Roque S谩enz Pe帽a', 6),
	(3055, 'Punilla', 6),
	(3056, 'R铆o Cuarto', 6),
	(3057, 'R铆o Primero', 6),
	(3058, 'R铆o Seco', 6),
	(3059, 'R铆o Segundo', 6),
	(3060, 'San Alberto', 6),
	(3061, 'San Javier', 6),
	(3062, 'San Justo', 6),
	(3063, 'Santa Mar铆a', 6),
	(3064, 'Sobremonte', 6),
	(3065, 'Tercero Arriba', 6),
	(3066, 'Totoral', 6),
	(3067, 'Tulumba', 6),
	(3068, 'Uni贸n', 6),
	(3069, 'Calamuchita', 89),
	(3070, 'Capital', 89),
	(3071, 'Col贸n', 89),
	(3072, 'Cruz del Eje', 89),
	(3073, 'General Roca', 89),
	(3074, 'General San Mart铆n', 89),
	(3075, 'Ischil铆n', 89),
	(3076, 'Ju谩rez Celman', 89),
	(3077, 'Marcos Ju谩rez', 89),
	(3078, 'Minas', 89),
	(3079, 'Pocho', 89),
	(3080, 'Presidente Roque S谩enz Pe帽a', 89),
	(3081, 'Punilla', 89),
	(3082, 'R铆o Cuarto', 89),
	(3083, 'R铆o Primero', 89),
	(3084, 'R铆o Seco', 89),
	(3085, 'R铆o Segundo', 89),
	(3086, 'San Alberto', 89),
	(3087, 'San Javier', 89),
	(3088, 'San Justo', 89),
	(3089, 'Santa Mar铆a', 89),
	(3090, 'Sobremonte', 89),
	(3091, 'Tercero Arriba', 89),
	(3092, 'Totoral', 89),
	(3093, 'Tulumba', 89),
	(3094, 'Uni贸n', 89),
	(3106, 'Belgrano', 21),
	(3107, 'Caseros', 21),
	(3108, 'Castellanos', 21),
	(3109, 'Constituci贸n', 21),
	(3110, 'Garay', 21),
	(3111, 'General L贸pez', 21),
	(3112, 'General Obligado', 21),
	(3113, 'Iriondo', 21),
	(3114, 'La Capital', 21),
	(3115, 'Las Colonias', 21),
	(3116, '9 de Julio', 21),
	(3117, 'Rosario', 21),
	(3118, 'San Crist贸bal', 21),
	(3119, 'San Javier', 21),
	(3120, 'San Jer贸nimo', 21),
	(3121, 'San Justo', 21),
	(3122, 'San Lorenzo', 21),
	(3123, 'Vera', 21),
	(3124, 'San Mart铆n', 21),
	(3137, 'Capital', 13),
	(3138, 'General Alvear', 13),
	(3139, 'Godoy Cruz', 13),
	(3140, 'Guaymall茅n', 13),
	(3141, 'Jun铆n', 13),
	(3142, 'La Paz', 13),
	(3143, 'Las Heras', 13),
	(3144, 'Lavalle', 13),
	(3145, 'Luj谩n de Cuyo', 13),
	(3146, 'Maip煤', 13),
	(3147, 'Malarg眉e', 13),
	(3148, 'Rivadavia', 13),
	(3149, 'San Carlos', 13),
	(3150, 'San Mart铆n', 13),
	(3151, 'San Rafael', 13),
	(3152, 'Santa Rosa', 13),
	(3153, 'Tunuy谩n', 13),
	(3154, 'Tupungato', 13),
	(3168, 'Burruyac煤', 24),
	(3169, 'Capital', 24),
	(3170, 'Chicligasta', 24),
	(3171, 'Cruz Alta', 24),
	(3172, 'Famaill谩', 24),
	(3173, 'Graneros', 24),
	(3174, 'Juan Bautista Alberdi', 24),
	(3175, 'La Cocha', 24),
	(3176, 'Leales', 24),
	(3177, 'Lules', 24),
	(3178, 'Monteros', 24),
	(3179, 'R铆o Chico', 24),
	(3180, 'Simoca', 24),
	(3181, 'Taf铆 del Valle', 24),
	(3182, 'Taf铆 Viejo', 24),
	(3183, 'Trancas', 24),
	(3184, 'Yerba Buena', 24),
	(3199, 'Col贸n', 8),
	(3200, 'Concordia', 8),
	(3201, 'Diamante', 8),
	(3202, 'Federaci贸n', 8),
	(3203, 'Federal', 8),
	(3204, 'Feliciano', 8),
	(3205, 'Gualeguay', 8),
	(3206, 'Gualeguaych煤', 8),
	(3207, 'Islas del Ibicuy', 8),
	(3208, 'La Paz', 8),
	(3209, 'Nogoy谩', 8),
	(3210, 'Paran谩', 8),
	(3211, 'San Salvador', 8),
	(3212, 'Tala', 8),
	(3213, 'Uruguay', 8),
	(3214, 'Victoria', 8),
	(3215, 'Villaguay', 8),
	(3230, 'Capital', 7),
	(3231, 'Ber贸n de Astrada', 7),
	(3232, 'Bella Vista', 7),
	(3233, 'Concepci贸n', 7),
	(3234, 'Curuz煤 Cuati谩', 7),
	(3235, 'Empedrado', 7),
	(3236, 'Esquina', 7),
	(3237, 'General Alvear', 7),
	(3238, 'General Paz', 7),
	(3239, 'Goya', 7),
	(3240, 'Itat铆', 7),
	(3241, 'Ituzaing贸', 7),
	(3242, 'Lavalle', 7),
	(3243, 'Mburucuy谩', 7),
	(3244, 'Mercedes', 7),
	(3245, 'Monte Caseros', 7),
	(3246, 'Paso de los Libres', 7),
	(3247, 'Saladas', 7),
	(3248, 'San Cosme', 7),
	(3249, 'San Luis del Palmar', 7),
	(3250, 'San Mart铆n', 7),
	(3251, 'San Miguel', 7),
	(3252, 'San Roque', 7),
	(3253, 'Santo Tom茅', 7),
	(3254, 'Sauce', 7),
	(3261, 'Ap贸stoles', 14),
	(3262, 'Caingu谩s', 14),
	(3263, 'Candelaria', 14),
	(3264, 'Capital', 14),
	(3265, 'Concepci贸n', 14),
	(3266, 'Eldorado', 14),
	(3267, 'General Manuel Belgrano', 14),
	(3268, 'Guaran铆', 14),
	(3269, 'Iguaz煤', 14),
	(3270, 'Leandro N. Alem', 14),
	(3271, 'Libertador General San Mart铆n', 14),
	(3272, 'Montecarlo', 14),
	(3273, 'Ober谩', 14),
	(3274, 'San Ignacio', 14),
	(3275, 'San Javier', 14),
	(3276, 'San Pedro', 14),
	(3277, '25 de Mayo', 14),
	(3278, 'Ap贸stoles', 286),
	(3279, 'Caingu谩s', 286),
	(3280, 'Candelaria', 286),
	(3281, 'Capital', 286),
	(3282, 'Concepci贸n', 286),
	(3283, 'Eldorado', 286),
	(3284, 'General Manuel Belgrano', 286),
	(3285, 'Guaran铆', 286),
	(3286, 'Iguaz煤', 286),
	(3287, 'Leandro N. Alem', 286),
	(3288, 'Libertador General San Mart铆n', 286),
	(3289, 'Montecarlo', 286),
	(3290, 'Ober谩', 286),
	(3291, 'San Ignacio', 286),
	(3292, 'San Javier', 286),
	(3293, 'San Pedro', 286),
	(3294, '25 de Mayo', 286),
	(3324, 'Anta', 17),
	(3325, 'Cachi', 17),
	(3326, 'Cafayate', 17),
	(3327, 'Capital', 17),
	(3328, 'Cerrillos', 17),
	(3329, 'Chicoana', 17),
	(3330, 'General G眉emes', 17),
	(3331, 'General Jos茅 de San Mart铆n', 17),
	(3332, 'Guachipas', 17),
	(3333, 'Iruya', 17),
	(3334, 'La Caldera', 17),
	(3335, 'La Candelaria', 17),
	(3336, 'La Poma', 17),
	(3337, 'La Vi帽a', 17),
	(3338, 'Los Andes', 17),
	(3339, 'Met谩n', 17),
	(3340, 'Molinos', 17),
	(3341, 'Or谩n', 17),
	(3342, 'Rivadavia', 17),
	(3343, 'Rosario de la Frontera', 17),
	(3344, 'Rosario de Lerma', 17),
	(3345, 'San Carlos', 17),
	(3346, 'Santa Victoria', 17),
	(3355, 'Cochinoca', 10),
	(3356, 'Dr. Manuel Belgrano', 10),
	(3357, 'El Carmen', 10),
	(3358, 'Humahuaca', 10),
	(3359, 'Ledesma', 10),
	(3360, 'Palpal谩', 10),
	(3361, 'Rinconada', 10),
	(3362, 'San Antonio', 10),
	(3363, 'San Pedro', 10),
	(3364, 'Santa B谩rbara', 10),
	(3365, 'Santa Catalina', 10),
	(3366, 'Susques', 10),
	(3367, 'Tilcara', 10),
	(3368, 'Tumbaya', 10),
	(3369, 'Valle Grande', 10),
	(3370, 'Yavi', 10),
	(3386, 'Ambato', 2),
	(3387, 'Ancasti', 2),
	(3388, 'Andalgal谩', 2),
	(3389, 'Antofagasta de la Sierra', 2),
	(3390, 'Bel茅n', 2),
	(3391, 'Capay谩n', 2),
	(3392, 'Capital', 2),
	(3393, 'El Alto', 2),
	(3394, 'Fray Mamerto Esqui煤', 2),
	(3395, 'La Paz', 2),
	(3396, 'Pacl铆n', 2),
	(3397, 'Pom谩n', 2),
	(3398, 'Santa Mar铆a', 2),
	(3399, 'Santa Rosa', 2),
	(3400, 'Tinogasta', 2),
	(3401, 'Valle Viejo', 2),
	(3417, 'Arauco', 12),
	(3418, 'Capital', 12),
	(3419, 'Castro Barros', 12),
	(3420, 'Chamical', 12),
	(3421, 'Chilecito', 12),
	(3422, 'Coronel Felipe Varela', 12),
	(3423, 'Famatina', 12),
	(3424, 'General ngel V. Pe帽aloza', 12),
	(3425, 'General Belgrano', 12),
	(3426, 'General Juan Facundo Quiroga', 12),
	(3427, 'General Lamadrid', 12),
	(3428, 'General San Mart铆n', 12),
	(3429, 'Independencia', 12),
	(3430, 'Rosario Vera Pe帽aloza', 12),
	(3431, 'San Blas de los Sauces', 12),
	(3432, 'Sanagasta', 12),
	(3433, 'Vinchina', 12),
	(3434, 'Felipe Varela', 12),
	(3448, 'Aguirre', 22),
	(3449, 'Alberdi', 22),
	(3450, 'Atamisqui', 22),
	(3451, 'Avellaneda', 22),
	(3452, 'Banda', 22),
	(3453, 'Belgrano', 22),
	(3454, 'Capital', 22),
	(3455, 'Choya', 22),
	(3456, 'Copo', 22),
	(3457, 'Figueroa', 22),
	(3458, 'General Taboada', 22),
	(3459, 'Guasay谩n', 22),
	(3460, 'Jim茅nez', 22),
	(3461, 'Juan Felipe Ibarra', 22),
	(3462, 'Loreto', 22),
	(3463, 'Mitre', 22),
	(3464, 'Moreno', 22),
	(3465, 'Ojo de Agua', 22),
	(3466, 'Pellegrini', 22),
	(3467, 'Quebrachos', 22),
	(3468, 'Rivadavia', 22),
	(3469, 'Robles', 22),
	(3470, 'R铆o Hondo', 22),
	(3471, 'Salavina', 22),
	(3472, 'San Mart铆n', 22),
	(3473, 'Sarmiento', 22),
	(3474, 'Sil铆pica', 22),
	(3479, '1潞 de Mayo', 3),
	(3480, '12 de Octubre', 3),
	(3481, '2 de Abril', 3),
	(3482, '25 de Mayo', 3),
	(3483, '9 de Julio', 3),
	(3484, 'Almirante Brown', 3),
	(3485, 'Bermejo', 3),
	(3486, 'Chacabuco', 3),
	(3487, 'Comandante Fern谩ndez', 3),
	(3488, 'Fray Justo Santa Mar铆a de Oro', 3),
	(3489, 'General Belgrano', 3),
	(3490, 'General Donovan', 3),
	(3491, 'General G眉emes', 3),
	(3492, 'Independencia', 3),
	(3493, 'Libertad', 3),
	(3494, 'Libertador General San Mart铆n', 3),
	(3495, 'Maip煤', 3),
	(3496, 'Mayor Luis J. Fontana', 3),
	(3497, 'O\'Higgins', 3),
	(3498, 'Quitilipi', 3),
	(3499, 'San Fernando', 3),
	(3500, 'Sargento Cabral', 3),
	(3501, 'Tapenag谩', 3),
	(3502, 'Libertador General Sarmiento', 3),
	(3503, 'Primero de Mayo', 3),
	(3510, 'Bermejo', 9),
	(3511, 'Formosa', 9),
	(3512, 'Laish铆', 9),
	(3513, 'Matacos', 9),
	(3514, 'Pati帽o', 9),
	(3515, 'Pilag谩s', 9),
	(3516, 'Pilcomayo', 9),
	(3517, 'Piran茅', 9),
	(3518, 'Ram贸n Lista', 9),
	(3525, 'Atreuc贸', 11),
	(3526, 'Caleu Caleu', 11),
	(3527, 'Capital', 11),
	(3528, 'Catril贸', 11),
	(3529, 'Chalileo', 11),
	(3530, 'Chapaleuf煤', 11),
	(3531, 'Chical Co', 11),
	(3532, 'Conhelo', 11),
	(3533, 'Curac贸', 11),
	(3534, 'Guatrach茅', 11),
	(3535, 'Hucal', 11),
	(3536, 'Lihuel Calel', 11),
	(3537, 'Limay Mahuida', 11),
	(3538, 'Loventu茅', 11),
	(3539, 'Marac贸', 11),
	(3540, 'Puel茅n', 11),
	(3541, 'Quem煤 Quem煤', 11),
	(3542, 'Rancul', 11),
	(3543, 'Realic贸', 11),
	(3544, 'Toay', 11),
	(3545, 'Trenel', 11),
	(3546, 'Utrac谩n', 11),
	(3556, '25 de Mayo', 18),
	(3557, '9 de Julio', 18),
	(3558, 'Albard贸n', 18),
	(3559, 'Angaco', 18),
	(3560, 'Calingasta', 18),
	(3561, 'Capital', 18),
	(3562, 'Caucete', 18),
	(3563, 'Chimbas', 18),
	(3564, 'Iglesia', 18),
	(3565, 'J谩chal', 18),
	(3566, 'Pocito', 18),
	(3567, 'Rawson', 18),
	(3568, 'Rivadavia', 18),
	(3569, 'San Mart铆n', 18),
	(3570, 'Santa Luc铆a', 18),
	(3571, 'Sarmiento', 18),
	(3572, 'Ullum', 18),
	(3573, 'Valle F茅rtil', 18),
	(3574, 'Zonda', 18),
	(3575, '25 de Mayo', 342),
	(3576, '9 de Julio', 342),
	(3577, 'Albard贸n', 342),
	(3578, 'Angaco', 342),
	(3579, 'Calingasta', 342),
	(3580, 'Capital', 342),
	(3581, 'Caucete', 342),
	(3582, 'Chimbas', 342),
	(3583, 'Iglesia', 342),
	(3584, 'J谩chal', 342),
	(3585, 'Pocito', 342),
	(3586, 'Rawson', 342),
	(3587, 'Rivadavia', 342),
	(3588, 'San Mart铆n', 342),
	(3589, 'Santa Luc铆a', 342),
	(3590, 'Sarmiento', 342),
	(3591, 'Ullum', 342),
	(3592, 'Valle F茅rtil', 342),
	(3593, 'Zonda', 342),
	(3619, 'Ayacucho', 19),
	(3620, 'Belgrano', 19),
	(3621, 'Chacabuco', 19),
	(3622, 'Coronel Pringles', 19),
	(3623, 'General Pedernera', 19),
	(3624, 'Gobernador Dupuy', 19),
	(3625, 'Jun铆n', 19),
	(3626, 'Libertador General San Mart铆n', 19),
	(3627, 'Juan Mart铆n de Pueyrred贸n', 19),
	(3634, 'Alumin茅', 15),
	(3635, 'A帽elo', 15),
	(3636, 'Cat谩n Lil', 15),
	(3637, 'Chos Malal', 15),
	(3638, 'Coll贸n Cur谩', 15),
	(3639, 'Confluencia', 15),
	(3640, 'Huiliches', 15),
	(3641, 'L谩car', 15),
	(3642, 'Loncopu茅', 15),
	(3643, 'Los Lagos', 15),
	(3644, 'Minas', 15),
	(3645, 'orqu铆n', 15),
	(3646, 'Pehuenches', 15),
	(3647, 'Picunches', 15),
	(3648, 'Pic煤n Leuf煤', 15),
	(3649, 'Zapala', 15),
	(3665, 'Adolfo Alsina', 16),
	(3666, 'Avellaneda', 16),
	(3667, 'Bariloche', 16),
	(3668, 'Conesa', 16),
	(3669, 'El Cuy', 16),
	(3670, 'General Roca', 16),
	(3671, '9 de Julio', 16),
	(3672, 'orquinco', 16),
	(3673, 'Pichi Mahuida', 16),
	(3674, 'Pilcaniyeu', 16),
	(3675, 'San Antonio', 16),
	(3676, 'Valcheta', 16),
	(3677, '25 de Mayo', 16),
	(3678, 'Adolfo Alsina', 360),
	(3679, 'Avellaneda', 360),
	(3680, 'Bariloche', 360),
	(3681, 'Conesa', 360),
	(3682, 'El Cuy', 360),
	(3683, 'General Roca', 360),
	(3684, '9 de Julio', 360),
	(3685, 'orquinco', 360),
	(3686, 'Pichi Mahuida', 360),
	(3687, 'Pilcaniyeu', 360),
	(3688, 'San Antonio', 360),
	(3689, 'Valcheta', 360),
	(3690, '25 de Mayo', 360),
	(3696, 'Biedma', 4),
	(3697, 'Cushamen', 4),
	(3698, 'Escalante', 4),
	(3699, 'Florentino Ameghino', 4),
	(3700, 'Futaleuf煤', 4),
	(3701, 'Gaiman', 4),
	(3702, 'Gastre', 4),
	(3703, 'Langui帽eo', 4),
	(3704, 'M谩rtires', 4),
	(3705, 'Paso de Indios', 4),
	(3706, 'Rawson', 4),
	(3707, 'R铆o Senguer', 4),
	(3708, 'Sarmiento', 4),
	(3709, 'Telsen', 4),
	(3710, 'Tehuelches', 4),
	(3711, 'Corpen Aike', 20),
	(3712, 'Deseado', 20),
	(3713, 'G眉er Aike', 20),
	(3714, 'Lago Argentino', 20),
	(3715, 'Lago Buenos Aires', 20),
	(3716, 'Magallanes', 20),
	(3717, 'R铆o Chico', 20),
	(3718, 'Corpen Aike', 26),
	(3719, 'Deseado', 26),
	(3720, 'G眉er Aike', 26),
	(3721, 'Lago Argentino', 26),
	(3722, 'Lago Buenos Aires', 26),
	(3723, 'Magallanes', 26),
	(3724, 'R铆o Chico', 26),
	(3726, 'R铆o Grande', 23),
	(3727, 'Tolhuin', 23),
	(3728, 'Ushuaia', 23),
	(3729, 'San Jos茅 (Cant贸n Central)', 110),
	(3730, 'Escaz煤', 110),
	(3731, 'Desamparados', 110),
	(3732, 'Puriscal', 110),
	(3733, 'Tarraz煤', 110),
	(3734, 'Aserr铆', 110),
	(3735, 'Mora', 110),
	(3736, 'Goicoechea', 110),
	(3737, 'Santa Ana', 110),
	(3738, 'Alajuelita', 110),
	(3739, 'V谩zquez de Coronado', 110),
	(3740, 'Acosta', 110),
	(3741, 'Tib谩s', 110),
	(3742, 'Moravia', 110),
	(3743, 'Montes de Oca', 110),
	(3744, 'Turrubares', 110),
	(3745, 'Dota', 110),
	(3746, 'Curridabat', 110),
	(3747, 'P茅rez Zeled贸n', 110),
	(3748, 'Le贸n Cort茅s Castro', 110),
	(3749, 'Ahuachap谩n', 157),
	(3750, 'Apaneca', 157),
	(3751, 'Atiquizaya', 157),
	(3752, 'Concepci贸n de Ataco', 157),
	(3753, 'El Refugio', 157),
	(3754, 'Guaymango', 157),
	(3755, 'Jujutla', 157),
	(3756, 'San Francisco Men茅ndez', 157),
	(3757, 'San Lorenzo', 157),
	(3758, 'San Pedro Puxtla', 157),
	(3759, 'Tacuba', 157),
	(3760, 'Tur铆n', 157),
	(3761, 'Alto Orinoco', 368),
	(3762, 'Atabapo', 368),
	(3763, 'Atures', 368),
	(3764, 'Autana', 368),
	(3765, 'Maroa', 368),
	(3766, 'Manapiare', 368),
	(3767, 'R铆o Negro', 368),
	(3768, 'Angostura del Orinoco', 373),
	(3769, 'Caron铆', 373),
	(3770, 'Cede帽o', 373),
	(3771, 'El Callao', 373),
	(3772, 'Gran Sabana', 373),
	(3773, 'Heres', 373),
	(3774, 'Padre Pedro Chien', 373),
	(3775, 'Piar', 373),
	(3776, 'Roscio', 373),
	(3777, 'Sifontes', 373),
	(3778, 'Sucre', 373),
	(3779, 'Dependencias Federales', 392),
	(3780, 'Adjuntas', 393),
	(3781, 'Aguada', 393),
	(3782, 'Aguadilla', 393),
	(3783, 'Aguas Buenas', 393),
	(3784, 'Aibonito', 393),
	(3785, 'A帽asco', 393),
	(3786, 'Arecibo', 393),
	(3787, 'Arroyo', 393),
	(3788, 'Barceloneta', 393),
	(3789, 'Barranquitas', 393),
	(3790, 'Bayam贸n', 393),
	(3791, 'Cabo Rojo', 393),
	(3792, 'Caguas', 393),
	(3793, 'Camuy', 393),
	(3794, 'Can贸vanas', 393),
	(3795, 'Carolina', 393),
	(3796, 'Cata帽o', 393),
	(3797, 'Cayey', 393),
	(3798, 'Ceiba', 393),
	(3799, 'Ciales', 393),
	(3800, 'Cidra', 393),
	(3801, 'Coamo', 393),
	(3802, 'Comer铆o', 393),
	(3803, 'Corozal', 393),
	(3804, 'Culebra', 393),
	(3805, 'Dorado', 393),
	(3806, 'Fajardo', 393),
	(3807, 'Florida', 393),
	(3808, 'Gu谩nica', 393),
	(3809, 'Guayama', 393),
	(3810, 'Guayanilla', 393),
	(3811, 'Guaynabo', 393),
	(3812, 'Gurabo', 393),
	(3813, 'Hatillo', 393),
	(3814, 'Hormigueros', 393),
	(3815, 'Humacao', 393),
	(3816, 'Isabela', 393),
	(3817, 'Jayuya', 393),
	(3818, 'Juana D铆az', 393),
	(3819, 'Juncos', 393),
	(3820, 'Lajas', 393),
	(3821, 'Lares', 393),
	(3822, 'Las Mar铆as', 393),
	(3823, 'Las Piedras', 393),
	(3824, 'Lo铆za', 393),
	(3825, 'Luquillo', 393),
	(3826, 'Manat铆', 393),
	(3827, 'Maricao', 393),
	(3828, 'Maunabo', 393),
	(3829, 'Mayag眉ez', 393),
	(3830, 'Moca', 393),
	(3831, 'Morovis', 393),
	(3832, 'Naguabo', 393),
	(3833, 'Naranjito', 393),
	(3834, 'Orocovis', 393),
	(3835, 'Patillas', 393),
	(3836, 'Pe帽uelas', 393),
	(3837, 'Ponce', 393),
	(3838, 'Quebradillas', 393),
	(3839, 'Rinc贸n', 393),
	(3840, 'R铆o Grande', 393),
	(3841, 'Sabana Grande', 393),
	(3842, 'Salinas', 393),
	(3843, 'San Germ谩n', 393),
	(3844, 'San Juan', 393),
	(3845, 'San Lorenzo', 393),
	(3846, 'San Sebasti谩n', 393),
	(3847, 'Santa Isabel', 393),
	(3848, 'Toa Alta', 393),
	(3849, 'Toa Baja', 393),
	(3850, 'Trujillo Alto', 393),
	(3851, 'Utuado', 393),
	(3852, 'Vega Alta', 393),
	(3853, 'Vega Baja', 393),
	(3854, 'Vieques', 393),
	(3855, 'Villalba', 393),
	(3856, 'Yabucoa', 393),
	(3857, 'Yauco', 393),
	(3858, 'La Paz', 25),
	(3859, 'Cochabamba', 27),
	(3860, 'Sucre', 28),
	(3861, 'Oruro', 29),
	(3862, 'Potos铆', 30),
	(3863, 'Tarija', 31),
	(3864, 'Trinidad', 32),
	(3865, 'Cobija', 33),
	(3866, 'Rio Branco', 34),
	(3867, 'Macei贸', 35),
	(3868, 'Macap谩', 36),
	(3869, 'Manaus', 37),
	(3870, 'Salvador', 38),
	(3871, 'Fortaleza', 39),
	(3872, 'Bras铆lia', 40),
	(3873, 'Vit贸ria', 41),
	(3874, 'Goi芒nia', 42),
	(3875, 'S茫o Lu铆s', 43),
	(3876, 'Cuiab谩', 44),
	(3877, 'Campo Grande', 45),
	(3878, 'Belo Horizonte', 46),
	(3879, 'Bel茅m', 47),
	(3880, 'Jo茫o Pessoa', 48),
	(3881, 'Curitiba', 49),
	(3882, 'Recife', 50),
	(3883, 'Teresina', 51),
	(3884, 'Rio de Janeiro', 52),
	(3885, 'Natal', 53),
	(3886, 'Porto Alegre', 54),
	(3887, 'Porto Velho', 55),
	(3888, 'Boa Vista', 56),
	(3889, 'Florian贸polis', 57),
	(3890, 'S茫o Paulo', 58),
	(3891, 'Aracaju', 59),
	(3892, 'Palmas', 60),
	(3893, 'Leticia', 77),
	(3894, 'Medell铆n', 78),
	(3895, 'Arauca', 79),
	(3896, 'Barranquilla', 80),
	(3897, 'Cartagena de Indias', 81),
	(3898, 'Tunja', 82),
	(3899, 'Manizales', 83),
	(3900, 'Florencia', 84),
	(3901, 'Yopal', 85),
	(3902, 'Popay谩n', 86),
	(3903, 'Valledupar', 87),
	(3904, 'Quibd贸', 88),
	(3905, 'Bogot谩', 90),
	(3906, 'In铆rida', 91),
	(3907, 'San Jos茅 del Guaviare', 92),
	(3908, 'Neiva', 93),
	(3909, 'Riohacha', 94),
	(3910, 'Santa Marta', 95),
	(3911, 'Villavicencio', 96),
	(3912, 'Pasto', 97),
	(3913, 'C煤cuta', 98),
	(3914, 'Mocoa', 99),
	(3915, 'Armenia', 100),
	(3916, 'Pereira', 101),
	(3917, 'San Andr茅s', 102),
	(3918, 'Bucaramanga', 103),
	(3919, 'Ibagu茅', 105),
	(3920, 'Cali', 106),
	(3921, 'Mit煤', 107),
	(3922, 'Puerto Carre帽o', 108),
	(3923, 'Bogot谩', 109),
	(3924, 'Aguascalientes', 211),
	(3925, 'Mexicali', 212),
	(3926, 'La Paz', 213),
	(3927, 'Campeche', 214),
	(3928, 'Tuxtla Guti茅rrez', 215),
	(3929, 'Chihuahua', 216),
	(3930, 'Ciudad de M茅xico', 217),
	(3931, 'Saltillo', 218),
	(3932, 'Colima', 219),
	(3933, 'Durango', 220),
	(3934, 'Guanajuato', 221),
	(3935, 'Chilpancingo de los Bravo', 222),
	(3936, 'Pachuca de Soto', 223),
	(3937, 'Guadalajara', 224),
	(3938, 'Toluca de Lerdo', 225),
	(3939, 'Morelia', 226),
	(3940, 'Cuernavaca', 227),
	(3941, 'Tepic', 228),
	(3942, 'Monterrey', 229),
	(3943, 'Oaxaca de Ju谩rez', 230),
	(3944, 'Puebla', 231),
	(3945, 'Santiago de Quer茅taro', 232),
	(3946, 'Chetumal', 233),
	(3947, 'San Luis Potos铆', 234),
	(3948, 'Culiac谩n', 235),
	(3949, 'Hermosillo', 236),
	(3950, 'Villahermosa', 237),
	(3951, 'Ciudad Victoria', 238),
	(3952, 'Tlaxcala', 239),
	(3953, 'Xalapa-Enr铆quez', 240),
	(3954, 'M茅rida', 241),
	(3955, 'Zacatecas', 242),
	(3956, 'Chachapoyas', 292),
	(3957, 'Huaraz', 293),
	(3958, 'Abancay', 294),
	(3959, 'Arequipa', 295),
	(3960, 'Ayacucho', 296),
	(3961, 'Cajamarca', 297),
	(3962, 'Callao', 298),
	(3963, 'Cusco', 299),
	(3964, 'Huancavelica', 300),
	(3965, 'Hu谩nuco', 301),
	(3966, 'Ica', 302),
	(3967, 'Huancayo', 303),
	(3968, 'Trujillo', 304),
	(3969, 'Chiclayo', 305),
	(3970, 'Lima', 306),
	(3971, 'Iquitos', 307),
	(3972, 'Puerto Maldonado', 308),
	(3973, 'Moquegua', 309),
	(3974, 'Cerro de Pasco', 310),
	(3975, 'Piura', 311),
	(3976, 'Puno', 312),
	(3977, 'Moyobamba', 313),
	(3978, 'Tacna', 314),
	(3979, 'Tumbes', 315),
	(3980, 'Pucallpa', 316);

-- Volcando estructura para tabla ovo.modalidadcarrerainstitucion
CREATE TABLE IF NOT EXISTS `modalidadcarrerainstitucion` (
  `idModalidadCarreraInstitucion` int(11) NOT NULL AUTO_INCREMENT,
  `nombreModalidad` varchar(50) DEFAULT NULL,
  PRIMARY KEY (`idModalidadCarreraInstitucion`)
) ENGINE=InnoDB AUTO_INCREMENT=7 DEFAULT CHARSET=utf8mb4 COLLATE=utf8mb4_general_ci;

-- Volcando datos para la tabla ovo.modalidadcarrerainstitucion: ~3 rows (aproximadamente)
INSERT INTO `modalidadcarrerainstitucion` (`idModalidadCarreraInstitucion`, `nombreModalidad`) VALUES
	(2, 'Virtual'),
	(3, 'Hibrida'),
	(6, 'Presencial');

-- Volcando estructura para tabla ovo.pais
CREATE TABLE IF NOT EXISTS `pais` (
  `idPais` int(11) NOT NULL AUTO_INCREMENT,
  `nombrePais` varchar(50) DEFAULT NULL,
  PRIMARY KEY (`idPais`)
) ENGINE=InnoDB AUTO_INCREMENT=21 DEFAULT CHARSET=utf8mb4 COLLATE=utf8mb4_general_ci;

-- Volcando datos para la tabla ovo.pais: ~20 rows (aproximadamente)
INSERT INTO `pais` (`idPais`, `nombrePais`) VALUES
	(1, 'Argentina'),
	(2, 'Bolivia'),
	(3, 'Brasil'),
	(4, 'Chile'),
	(5, 'Colombia'),
	(6, 'Costa Rica'),
	(7, 'Cuba'),
	(8, 'Ecuador'),
	(9, 'El Salvador'),
	(10, 'Guatemala'),
	(11, 'Honduras'),
	(12, 'M茅xico'),
	(13, 'Nicaragua'),
	(14, 'Panam谩'),
	(15, 'Paraguay'),
	(16, 'Per煤'),
	(17, 'Rep煤blica Dominicana'),
	(18, 'Uruguay'),
	(19, 'Venezuela'),
	(20, 'Puerto Rico');

-- Volcando estructura para tabla ovo.permiso
CREATE TABLE IF NOT EXISTS `permiso` (
  `idPermiso` int(11) NOT NULL AUTO_INCREMENT,
  `idCategoriaPermiso` int(11) DEFAULT NULL,
  `nombrePermiso` varchar(50) DEFAULT NULL,
  `descripcion` varchar(500) DEFAULT NULL,
  `fechaFin` datetime DEFAULT NULL,
  PRIMARY KEY (`idPermiso`),
  KEY `FK_permiso_categoriapermiso` (`idCategoriaPermiso`),
  CONSTRAINT `FK_permiso_categoriapermiso` FOREIGN KEY (`idCategoriaPermiso`) REFERENCES `categoriapermiso` (`idCategoriaPermiso`) ON DELETE SET NULL ON UPDATE CASCADE
) ENGINE=InnoDB AUTO_INCREMENT=38 DEFAULT CHARSET=utf8mb4 COLLATE=utf8mb4_general_ci;

-- Volcando datos para la tabla ovo.permiso: ~37 rows (aproximadamente)
INSERT INTO `permiso` (`idPermiso`, `idCategoriaPermiso`, `nombrePermiso`, `descripcion`, `fechaFin`) VALUES
	(1, NULL, 'MANAGE_PROFILE', 'Gestionar perfiles de usuario: listar usuarios y grupos, asignar/quitar grupos y permisos directos, editar y dar de baja usuarios.', NULL),
	(2, NULL, 'ASIGN_PERM', 'Asignaci贸n din谩mica de permisos: listar permisos del sistema y otorgar/quitar permisos directos a usuarios.', NULL),
	(3, NULL, 'ACCESS_HISTORY', 'Consultar y exportar el historial de accesos de usuarios (filtrado por usuario, rango de fechas, IP, estado).', NULL),
	(4, NULL, 'AUDIT_HISTORY', 'Consultar y exportar el historial de auditor铆a (acciones de ABM) con filtros por m贸dulo, usuario y fechas.', NULL),
	(5, NULL, 'USER_DEACTIVATE_SELF', 'Permitir al usuario desactivar su propia cuenta desde la interfaz de usuario.', NULL),
	(6, NULL, 'USER_VIEW_TEST_RESULT', 'Ver los resultados de tests vocacionales completados por el usuario.', NULL),
	(7, NULL, 'USER_RESTART_TEST', 'Reiniciar tests vocacionales para volver a realizar la evaluaci贸n.', NULL),
	(8, NULL, 'USER_VIEW_CAREERS', 'Consultar cat谩logo de carreras, instituciones que las ofrecen y detalles relacionados.', NULL),
	(9, NULL, 'USER_VIEW_INSTITUTIONS', 'Consultar listado y detalles de instituciones educativas registradas.', NULL),
	(10, NULL, 'ADMIN_APPROVE_INSTITUTION', 'Aprobar solicitudes de registro de instituciones educativas (crear usuario y enviar credenciales).', NULL),
	(11, NULL, 'INSTITUTION_MANAGE_CAREERS', 'Gestionar carreras de la instituci贸n: agregar, editar, eliminar y consultar carreras ofrecidas.', NULL),
	(12, NULL, 'INSTITUTION_MANAGE_FAQS', 'Gestionar preguntas frecuentes (FAQs) asociadas a las carreras de la instituci贸n.', NULL),
	(13, NULL, 'INSTITUTION_MANAGE_COMPLEMENTARY_MATERIAL', 'Gestionar material complementario (documentos, enlaces) de las carreras de la instituci贸n.', NULL),
	(14, NULL, 'INSTITUTION_MANAGE_CAREERS_APTITUDES', 'Gestionar aptitudes requeridas y asociadas a las carreras ofrecidas por la instituci贸n.', NULL),
	(15, NULL, 'VIEW_STATS', 'Ver estad铆sticas del sistema y de usuarios (reportes y exportaciones), paneles y m茅tricas agregadas.', NULL),
	(16, NULL, 'BACKUP_CONFIG', 'Ver y modificar la configuraci贸n de backups autom谩ticos (frecuencia, hora de ejecuci贸n, cantidad a conservar).', NULL),
	(17, NULL, 'BACKUP_RESTORE', 'Listar backups disponibles y ejecutar/consultar procesos de restauraci贸n de backups.', NULL),
	(18, NULL, 'MANAGE_INSTITUTION_REQUESTS', 'Gestionar solicitudes de instituciones: listar, aprobar, rechazar y desactivar instituciones solicitantes.', NULL),
	(19, NULL, 'MANAGE_CAREERS_CATALOG', 'Gestionar cat谩logo de carreras: crear, leer, actualizar y eliminar entradas del cat谩logo de carreras.', NULL),
	(20, NULL, 'MANAGE_CAREERS_TYPES', 'Gestionar tipos de carrera: CRUD sobre los tipos que clasifican las carreras.', NULL),
	(21, NULL, 'MANAGE_COUNTRIES', 'Gestionar el cat谩logo de pa铆ses: crear, ver, actualizar y eliminar pa铆ses.', NULL),
	(22, NULL, 'MANAGE_PROVINCES', 'Gestionar el cat谩logo de provincias: CRUD de provincias asociadas a pa铆ses.', NULL),
	(23, NULL, 'MANAGE_LOCALITIES', 'Gestionar localidades (ciudades/poblaciones): crear, ver, actualizar y eliminar localidades.', NULL),
	(24, NULL, 'MANAGE_GENDERS', 'Gestionar el cat谩logo de g茅neros/identificadores: CRUD sobre opciones de g茅nero.', NULL),
	(25, NULL, 'MANAGE_USER_STATUSES', 'Gestionar estados de usuario (p.ej. Activo, Baja): CRUD para estados aplicables a usuarios.', NULL),
	(26, NULL, 'MANAGE_PERMISSIONS', 'Gestionar el cat谩logo de permisos del sistema: crear, editar, listar y eliminar permisos disponibles.', NULL),
	(27, NULL, 'MANAGE_GROUPS', 'Gestionar grupos: CRUD de grupos y sus propiedades (para asignaciones y permisos por grupo).', NULL),
	(28, NULL, 'MANAGE_INSTITUTION_TYPES', 'Gestionar tipos de instituciones (p.ej. universidad, instituto): CRUD de tipos de instituci贸n.', NULL),
	(29, NULL, 'MANAGE_CAREER_MODALITIES', 'Gestionar modalidades de carrera (p.ej. presencial, virtual): CRUD sobre modalidades.', NULL),
	(30, NULL, 'MANAGE_APTITUDES', 'Gestionar aptitudes usadas en tests/compatibilidades: CRUD de aptitudes del sistema.', NULL),
	(31, NULL, 'MANAGE_ACCESS_STATUSES', 'Gestionar estados de acceso (ej.: Exitoso, Fallido) usados en historiales de acceso.', NULL),
	(32, NULL, 'MANAGE_ACCION_TYPES', 'Gestionar tipos de acci贸n para auditor铆a (p.ej. alta, modificaci贸n, baja): CRUD de tipos de acci贸n.', NULL),
	(33, NULL, 'MANAGE_INSTITUTION_STATES', 'Gestionar estados de instituciones (p.ej. pendiente, aprobada): CRUD de estados de instituci贸n.', NULL),
	(34, NULL, 'MANAGE_CAREER_INSTITUTION_STATUSES', 'Gestionar estados de la relaci贸n carrerainstituci贸n (ej. vigente, discontinuada): CRUD de esos estados.', NULL),
	(35, NULL, 'MANAGE_BACKUP_CONFIGS', 'Gestionar configuraciones del cat谩logo de backups: CRUD para configuraciones guardadas en el cat谩logo.', NULL),
	(36, NULL, 'MANAGE_USERS', 'Gestionar usuarios desde el cat谩logo (alta/edici贸n/baja administrativa y operaciones relacionadas).', NULL),
	(37, NULL, 'MANAGE_GROUP_PERMISSIONS', 'Gestionar permisos asignados a grupos: agregar o remover permisos de un grupo.', NULL);

-- Volcando estructura para tabla ovo.permisogrupo
CREATE TABLE IF NOT EXISTS `permisogrupo` (
  `idPermisoGrupo` int(11) NOT NULL AUTO_INCREMENT,
  `idGrupo` int(11) NOT NULL,
  `idPermiso` int(11) NOT NULL,
  `fechaInicio` datetime NOT NULL DEFAULT current_timestamp(),
  `fechaFin` datetime DEFAULT NULL,
  PRIMARY KEY (`idPermisoGrupo`),
  KEY `FK_permisogrupo_grupo` (`idGrupo`),
  KEY `FK_permisogrupo_permiso` (`idPermiso`),
  CONSTRAINT `FK_permisogrupo_grupo` FOREIGN KEY (`idGrupo`) REFERENCES `grupo` (`idGrupo`) ON DELETE CASCADE ON UPDATE CASCADE,
  CONSTRAINT `FK_permisogrupo_permiso` FOREIGN KEY (`idPermiso`) REFERENCES `permiso` (`idPermiso`) ON DELETE CASCADE ON UPDATE CASCADE
) ENGINE=InnoDB AUTO_INCREMENT=79 DEFAULT CHARSET=utf8mb4 COLLATE=utf8mb4_general_ci;

-- Volcando datos para la tabla ovo.permisogrupo: ~38 rows (aproximadamente)
INSERT INTO `permisogrupo` (`idPermisoGrupo`, `idGrupo`, `idPermiso`, `fechaInicio`, `fechaFin`) VALUES
	(41, 1, 1, '2025-10-20 20:33:51', NULL),
	(42, 1, 2, '2025-10-20 20:33:51', NULL),
	(43, 1, 3, '2025-10-20 20:33:51', NULL),
	(44, 1, 4, '2025-10-20 20:33:51', NULL),
	(45, 1, 5, '2025-10-20 20:33:51', NULL),
	(46, 1, 6, '2025-10-20 20:33:51', NULL),
	(47, 1, 7, '2025-10-20 20:33:51', NULL),
	(48, 1, 8, '2025-10-20 20:33:51', NULL),
	(49, 1, 9, '2025-10-20 20:33:51', NULL),
	(50, 1, 10, '2025-10-20 20:33:51', NULL),
	(51, 1, 11, '2025-10-20 20:33:51', NULL),
	(52, 1, 12, '2025-10-20 20:33:51', NULL),
	(53, 1, 13, '2025-10-20 20:33:51', NULL),
	(54, 1, 14, '2025-10-20 20:33:51', NULL),
	(55, 1, 15, '2025-10-20 20:33:51', NULL),
	(56, 1, 16, '2025-10-20 20:33:51', NULL),
	(57, 1, 17, '2025-10-20 20:33:51', NULL),
	(58, 1, 18, '2025-10-20 20:33:51', NULL),
	(59, 1, 19, '2025-10-20 20:33:51', NULL),
	(60, 1, 20, '2025-10-20 20:33:51', NULL),
	(61, 1, 21, '2025-10-20 20:33:51', NULL),
	(62, 1, 22, '2025-10-20 20:33:51', NULL),
	(63, 1, 23, '2025-10-20 20:33:51', NULL),
	(64, 1, 24, '2025-10-20 20:33:51', NULL),
	(65, 1, 25, '2025-10-20 20:33:51', NULL),
	(66, 1, 26, '2025-10-20 20:33:51', NULL),
	(67, 1, 27, '2025-10-20 20:33:51', NULL),
	(68, 1, 28, '2025-10-20 20:33:51', NULL),
	(69, 1, 29, '2025-10-20 20:33:51', NULL),
	(70, 1, 30, '2025-10-20 20:33:51', NULL),
	(71, 1, 31, '2025-10-20 20:33:51', NULL),
	(72, 1, 32, '2025-10-20 20:33:51', NULL),
	(73, 1, 33, '2025-10-20 20:33:51', NULL),
	(74, 1, 34, '2025-10-20 20:33:51', NULL),
	(75, 1, 35, '2025-10-20 20:33:51', NULL),
	(76, 1, 36, '2025-10-20 20:33:51', NULL),
	(77, 1, 37, '2025-10-20 20:33:51', NULL),
	(78, 3, 3, '2025-10-20 20:43:52', '2025-10-20 20:43:55');

-- Volcando estructura para tabla ovo.preguntafrecuente
CREATE TABLE IF NOT EXISTS `preguntafrecuente` (
  `idPreguntaFrecuente` int(11) NOT NULL AUTO_INCREMENT,
  `idCarreraInstitucion` int(11) NOT NULL,
  `fechaFin` datetime DEFAULT NULL,
  `nombrePregunta` varchar(50) NOT NULL,
  `respuesta` varchar(50) NOT NULL,
  PRIMARY KEY (`idPreguntaFrecuente`),
  KEY `FK_preguntafrecuente_carrerainstitucion` (`idCarreraInstitucion`),
  CONSTRAINT `FK_preguntafrecuente_carrerainstitucion` FOREIGN KEY (`idCarreraInstitucion`) REFERENCES `carrerainstitucion` (`idCarreraInstitucion`) ON DELETE CASCADE ON UPDATE CASCADE
) ENGINE=InnoDB AUTO_INCREMENT=6 DEFAULT CHARSET=utf8mb4 COLLATE=utf8mb4_general_ci;

-- Volcando datos para la tabla ovo.preguntafrecuente: ~4 rows (aproximadamente)
INSERT INTO `preguntafrecuente` (`idPreguntaFrecuente`, `idCarreraInstitucion`, `fechaFin`, `nombrePregunta`, `respuesta`) VALUES
	(2, 1, '2025-10-13 18:36:55', 's', 'n'),
	(3, 1, NULL, '驴Es titulo de grado?', 'Si, es un titulo de GRADO'),
	(4, 1, NULL, '驴Es presencial?', 'Es modalidad Hibrida'),
	(5, 5, NULL, '驴Es titulo de grado?', 'SI');

-- Volcando estructura para tabla ovo.provincia
CREATE TABLE IF NOT EXISTS `provincia` (
  `idProvincia` int(11) NOT NULL AUTO_INCREMENT,
  `nombreProvincia` varchar(50) NOT NULL,
  `idPais` int(11) NOT NULL,
  PRIMARY KEY (`idProvincia`),
  KEY `FK_provincia_pais` (`idPais`),
  CONSTRAINT `FK_provincia_pais` FOREIGN KEY (`idPais`) REFERENCES `pais` (`idPais`) ON DELETE CASCADE ON UPDATE CASCADE
) ENGINE=InnoDB AUTO_INCREMENT=394 DEFAULT CHARSET=utf8mb4 COLLATE=utf8mb4_general_ci;

-- Volcando datos para la tabla ovo.provincia: ~393 rows (aproximadamente)
INSERT INTO `provincia` (`idProvincia`, `nombreProvincia`, `idPais`) VALUES
	(1, 'Buenos Aires', 1),
	(2, 'Catamarca', 1),
	(3, 'Chaco', 1),
	(4, 'Chubut', 1),
	(5, 'Ciudad Aut贸noma de Buenos Aires', 1),
	(6, 'C贸rdoba', 1),
	(7, 'Corrientes', 1),
	(8, 'Entre R铆os', 1),
	(9, 'Formosa', 1),
	(10, 'Jujuy', 1),
	(11, 'La Pampa', 1),
	(12, 'La Rioja', 1),
	(13, 'Mendoza', 1),
	(14, 'Misiones', 1),
	(15, 'Neuqu茅n', 1),
	(16, 'R铆o Negro', 1),
	(17, 'Salta', 1),
	(18, 'San Juan', 1),
	(19, 'San Luis', 1),
	(20, 'Santa Cruz', 1),
	(21, 'Santa Fe', 1),
	(22, 'Santiago del Estero', 1),
	(23, 'Tierra del Fuego', 1),
	(24, 'Tucum谩n', 1),
	(25, 'La Paz', 2),
	(26, 'Santa Cruz', 2),
	(27, 'Cochabamba', 2),
	(28, 'Chuquisaca', 2),
	(29, 'Oruro', 2),
	(30, 'Potos铆', 2),
	(31, 'Tarija', 2),
	(32, 'Beni', 2),
	(33, 'Pando', 2),
	(34, 'Acre', 3),
	(35, 'Alagoas', 3),
	(36, 'Amap谩', 3),
	(37, 'Amazonas', 3),
	(38, 'Bahia', 3),
	(39, 'Cear谩', 3),
	(40, 'Distrito Federal', 3),
	(41, 'Esp铆rito Santo', 3),
	(42, 'Goi谩s', 3),
	(43, 'Maranh茫o', 3),
	(44, 'Mato Grosso', 3),
	(45, 'Mato Grosso do Sul', 3),
	(46, 'Minas Gerais', 3),
	(47, 'Par谩', 3),
	(48, 'Para铆ba', 3),
	(49, 'Paran谩', 3),
	(50, 'Pernambuco', 3),
	(51, 'Piau铆', 3),
	(52, 'Rio de Janeiro', 3),
	(53, 'Rio Grande do Norte', 3),
	(54, 'Rio Grande do Sul', 3),
	(55, 'Rond么nia', 3),
	(56, 'Roraima', 3),
	(57, 'Santa Catarina', 3),
	(58, 'S茫o Paulo', 3),
	(59, 'Sergipe', 3),
	(60, 'Tocantins', 3),
	(61, 'Arica y Parinacota', 4),
	(62, 'Tarapac谩', 4),
	(63, 'Antofagasta', 4),
	(64, 'Atacama', 4),
	(65, 'Coquimbo', 4),
	(66, 'Valpara铆so', 4),
	(67, 'Metropolitana de Santiago', 4),
	(68, 'Libertador General Bernardo O\'Higgins', 4),
	(69, 'Maule', 4),
	(70, 'uble', 4),
	(71, 'Biob铆o', 4),
	(72, 'La Araucan铆a', 4),
	(73, 'Los R铆os', 4),
	(74, 'Los Lagos', 4),
	(75, 'Ays茅n', 4),
	(76, 'Magallanes y Ant谩rtica Chilena', 4),
	(77, 'Amazonas', 5),
	(78, 'Antioquia', 5),
	(79, 'Arauca', 5),
	(80, 'Atl谩ntico', 5),
	(81, 'Bol铆var', 5),
	(82, 'Boyac谩', 5),
	(83, 'Caldas', 5),
	(84, 'Caquet谩', 5),
	(85, 'Casanare', 5),
	(86, 'Cauca', 5),
	(87, 'Cesar', 5),
	(88, 'Choc贸', 5),
	(89, 'C贸rdoba', 5),
	(90, 'Cundinamarca', 5),
	(91, 'Guain铆a', 5),
	(92, 'Guaviare', 5),
	(93, 'Huila', 5),
	(94, 'La Guajira', 5),
	(95, 'Magdalena', 5),
	(96, 'Meta', 5),
	(97, 'Nari帽o', 5),
	(98, 'Norte de Santander', 5),
	(99, 'Putumayo', 5),
	(100, 'Quind铆o', 5),
	(101, 'Risaralda', 5),
	(102, 'San Andr茅s y Providencia', 5),
	(103, 'Santander', 5),
	(104, 'Sucre', 5),
	(105, 'Tolima', 5),
	(106, 'Valle del Cauca', 5),
	(107, 'Vaup茅s', 5),
	(108, 'Vichada', 5),
	(109, 'Bogot谩, D.C.', 5),
	(110, 'San Jos茅', 6),
	(111, 'Alajuela', 6),
	(112, 'Cartago', 6),
	(113, 'Heredia', 6),
	(114, 'Guanacaste', 6),
	(115, 'Puntarenas', 6),
	(116, 'Lim贸n', 6),
	(117, 'Pinar del R铆o', 7),
	(118, 'Artemisa', 7),
	(119, 'La Habana', 7),
	(120, 'Mayabeque', 7),
	(121, 'Matanzas', 7),
	(122, 'Cienfuegos', 7),
	(123, 'Villa Clara', 7),
	(124, 'Sancti Sp铆ritus', 7),
	(125, 'Ciego de vila', 7),
	(126, 'Camag眉ey', 7),
	(127, 'Las Tunas', 7),
	(128, 'Holgu铆n', 7),
	(129, 'Granma', 7),
	(130, 'Santiago de Cuba', 7),
	(131, 'Guant谩namo', 7),
	(132, 'Isla de la Juventud', 7),
	(133, 'Azuay', 8),
	(134, 'Bol铆var', 8),
	(135, 'Ca帽ar', 8),
	(136, 'Carchi', 8),
	(137, 'Chimborazo', 8),
	(138, 'Cotopaxi', 8),
	(139, 'El Oro', 8),
	(140, 'Esmeraldas', 8),
	(141, 'Gal谩pagos', 8),
	(142, 'Guayas', 8),
	(143, 'Imbabura', 8),
	(144, 'Loja', 8),
	(145, 'Los R铆os', 8),
	(146, 'Manab铆', 8),
	(147, 'Morona Santiago', 8),
	(148, 'Napo', 8),
	(149, 'Orellana', 8),
	(150, 'Pastaza', 8),
	(151, 'Pichincha', 8),
	(152, 'Santa Elena', 8),
	(153, 'Santo Domingo de los Ts谩chilas', 8),
	(154, 'Sucumb铆os', 8),
	(155, 'Tungurahua', 8),
	(156, 'Zamora Chinchipe', 8),
	(157, 'Ahuachap谩n', 9),
	(158, 'Santa Ana', 9),
	(159, 'Sonsonate', 9),
	(160, 'Chalatenango', 9),
	(161, 'La Libertad', 9),
	(162, 'San Salvador', 9),
	(163, 'Cuscatl谩n', 9),
	(164, 'La Paz', 9),
	(165, 'Caba帽as', 9),
	(166, 'San Vicente', 9),
	(167, 'Usulut谩n', 9),
	(168, 'San Miguel', 9),
	(169, 'Moraz谩n', 9),
	(170, 'La Uni贸n', 9),
	(171, 'Alta Verapaz', 10),
	(172, 'Baja Verapaz', 10),
	(173, 'Chimaltenango', 10),
	(174, 'Chiquimula', 10),
	(175, 'El Progreso', 10),
	(176, 'Escuintla', 10),
	(177, 'Guatemala', 10),
	(178, 'Huehuetenango', 10),
	(179, 'Izabal', 10),
	(180, 'Jalapa', 10),
	(181, 'Jutiapa', 10),
	(182, 'Pet茅n', 10),
	(183, 'Quetzaltenango', 10),
	(184, 'Quich茅', 10),
	(185, 'Retalhuleu', 10),
	(186, 'Sacatep茅quez', 10),
	(187, 'San Marcos', 10),
	(188, 'Santa Rosa', 10),
	(189, 'Solol谩', 10),
	(190, 'Suchitep茅quez', 10),
	(191, 'Totonicap谩n', 10),
	(192, 'Zacapa', 10),
	(193, 'Atl谩ntida', 11),
	(194, 'Col贸n', 11),
	(195, 'Comayagua', 11),
	(196, 'Cop谩n', 11),
	(197, 'Cort茅s', 11),
	(198, 'Choluteca', 11),
	(199, 'El Para铆so', 11),
	(200, 'Francisco Moraz谩n', 11),
	(201, 'Gracias a Dios', 11),
	(202, 'Intibuc谩', 11),
	(203, 'Islas de la Bah铆a', 11),
	(204, 'La Paz', 11),
	(205, 'Lempira', 11),
	(206, 'Ocotepeque', 11),
	(207, 'Olancho', 11),
	(208, 'Santa B谩rbara', 11),
	(209, 'Valle', 11),
	(210, 'Yoro', 11),
	(211, 'Aguascalientes', 12),
	(212, 'Baja California', 12),
	(213, 'Baja California Sur', 12),
	(214, 'Campeche', 12),
	(215, 'Chiapas', 12),
	(216, 'Chihuahua', 12),
	(217, 'Ciudad de M茅xico', 12),
	(218, 'Coahuila', 12),
	(219, 'Colima', 12),
	(220, 'Durango', 12),
	(221, 'Guanajuato', 12),
	(222, 'Guerrero', 12),
	(223, 'Hidalgo', 12),
	(224, 'Jalisco', 12),
	(225, 'M茅xico', 12),
	(226, 'Michoac谩n', 12),
	(227, 'Morelos', 12),
	(228, 'Nayarit', 12),
	(229, 'Nuevo Le贸n', 12),
	(230, 'Oaxaca', 12),
	(231, 'Puebla', 12),
	(232, 'Quer茅taro', 12),
	(233, 'Quintana Roo', 12),
	(234, 'San Luis Potos铆', 12),
	(235, 'Sinaloa', 12),
	(236, 'Sonora', 12),
	(237, 'Tabasco', 12),
	(238, 'Tamaulipas', 12),
	(239, 'Tlaxcala', 12),
	(240, 'Veracruz', 12),
	(241, 'Yucat谩n', 12),
	(242, 'Zacatecas', 12),
	(243, 'Boaco', 13),
	(244, 'Carazo', 13),
	(245, 'Chinandega', 13),
	(246, 'Chontales', 13),
	(247, 'Estel铆', 13),
	(248, 'Granada', 13),
	(249, 'Jinotega', 13),
	(250, 'Le贸n', 13),
	(251, 'Madriz', 13),
	(252, 'Managua', 13),
	(253, 'Masaya', 13),
	(254, 'Matagalpa', 13),
	(255, 'Nueva Segovia', 13),
	(256, 'Rivas', 13),
	(257, 'R铆o San Juan', 13),
	(258, 'Costa Caribe Norte', 13),
	(259, 'Costa Caribe Sur', 13),
	(260, 'Bocas del Toro', 14),
	(261, 'Cocl茅', 14),
	(262, 'Col贸n', 14),
	(263, 'Chiriqu铆', 14),
	(264, 'Dari茅n', 14),
	(265, 'Herrera', 14),
	(266, 'Los Santos', 14),
	(267, 'Panam谩', 14),
	(268, 'Panam谩 Oeste', 14),
	(269, 'Veraguas', 14),
	(270, 'Guna Yala', 14),
	(271, 'Ng盲be-Bugl茅', 14),
	(272, 'Ember谩-Wounaan', 14),
	(273, 'Naso Tj毛r Di', 14),
	(274, 'Alto Paraguay', 15),
	(275, 'Alto Paran谩', 15),
	(276, 'Amambay', 15),
	(277, 'Boquer贸n', 15),
	(278, 'Caaguaz煤', 15),
	(279, 'Caazap谩', 15),
	(280, 'Canindey煤', 15),
	(281, 'Central', 15),
	(282, 'Concepci贸n', 15),
	(283, 'Cordillera', 15),
	(284, 'Guair谩', 15),
	(285, 'Itap煤a', 15),
	(286, 'Misiones', 15),
	(287, 'eembuc煤', 15),
	(288, 'Paraguar铆', 15),
	(289, 'Presidente Hayes', 15),
	(290, 'San Pedro', 15),
	(291, 'Asunci贸n', 15),
	(292, 'Amazonas', 16),
	(293, 'ncash', 16),
	(294, 'Apur铆mac', 16),
	(295, 'Arequipa', 16),
	(296, 'Ayacucho', 16),
	(297, 'Cajamarca', 16),
	(298, 'Callao', 16),
	(299, 'Cusco', 16),
	(300, 'Huancavelica', 16),
	(301, 'Hu谩nuco', 16),
	(302, 'Ica', 16),
	(303, 'Jun铆n', 16),
	(304, 'La Libertad', 16),
	(305, 'Lambayeque', 16),
	(306, 'Lima', 16),
	(307, 'Loreto', 16),
	(308, 'Madre de Dios', 16),
	(309, 'Moquegua', 16),
	(310, 'Pasco', 16),
	(311, 'Piura', 16),
	(312, 'Puno', 16),
	(313, 'San Mart铆n', 16),
	(314, 'Tacna', 16),
	(315, 'Tumbes', 16),
	(316, 'Ucayali', 16),
	(317, 'Distrito Nacional', 17),
	(318, 'Azua', 17),
	(319, 'Baoruco', 17),
	(320, 'Barahona', 17),
	(321, 'Dajab贸n', 17),
	(322, 'Duarte', 17),
	(323, 'El铆as Pi帽a', 17),
	(324, 'El Seibo', 17),
	(325, 'Espaillat', 17),
	(326, 'Hato Mayor', 17),
	(327, 'Hermanas Mirabal', 17),
	(328, 'Independencia', 17),
	(329, 'La Altagracia', 17),
	(330, 'La Romana', 17),
	(331, 'La Vega', 17),
	(332, 'Mar铆a Trinidad S谩nchez', 17),
	(333, 'Monse帽or Nouel', 17),
	(334, 'Monte Cristi', 17),
	(335, 'Monte Plata', 17),
	(336, 'Pedernales', 17),
	(337, 'Peravia', 17),
	(338, 'Puerto Plata', 17),
	(339, 'Saman谩', 17),
	(340, 'San Crist贸bal', 17),
	(341, 'San Jos茅 de Ocoa', 17),
	(342, 'San Juan', 17),
	(343, 'San Pedro de Macor铆s', 17),
	(344, 'S谩nchez Ram铆rez', 17),
	(345, 'Santiago', 17),
	(346, 'Santiago Rodr铆guez', 17),
	(347, 'Santo Domingo', 17),
	(348, 'Valverde', 17),
	(349, 'Artigas', 18),
	(350, 'Canelones', 18),
	(351, 'Cerro Largo', 18),
	(352, 'Colonia', 18),
	(353, 'Durazno', 18),
	(354, 'Flores', 18),
	(355, 'Florida', 18),
	(356, 'Lavalleja', 18),
	(357, 'Maldonado', 18),
	(358, 'Montevideo', 18),
	(359, 'Paysand煤', 18),
	(360, 'R铆o Negro', 18),
	(361, 'Rivera', 18),
	(362, 'Rocha', 18),
	(363, 'Salto', 18),
	(364, 'San Jos茅', 18),
	(365, 'Soriano', 18),
	(366, 'Tacuaremb贸', 18),
	(367, 'Treinta y Tres', 18),
	(368, 'Amazonas', 19),
	(369, 'Anzo谩tegui', 19),
	(370, 'Apure', 19),
	(371, 'Aragua', 19),
	(372, 'Barinas', 19),
	(373, 'Bol铆var', 19),
	(374, 'Carabobo', 19),
	(375, 'Cojedes', 19),
	(376, 'Delta Amacuro', 19),
	(377, 'Falc贸n', 19),
	(378, 'Gu谩rico', 19),
	(379, 'Lara', 19),
	(380, 'M茅rida', 19),
	(381, 'Miranda', 19),
	(382, 'Monagas', 19),
	(383, 'Nueva Esparta', 19),
	(384, 'Portuguesa', 19),
	(385, 'Sucre', 19),
	(386, 'T谩chira', 19),
	(387, 'Trujillo', 19),
	(388, 'La Guaira', 19),
	(389, 'Yaracuy', 19),
	(390, 'Zulia', 19),
	(391, 'Distrito Capital', 19),
	(392, 'Dependencias Federales', 19),
	(393, 'Puerto Rico', 20);

-- Volcando estructura para tabla ovo.test
CREATE TABLE IF NOT EXISTS `test` (
  `idTest` int(11) NOT NULL AUTO_INCREMENT,
  `idEstadoTest` int(11) NOT NULL,
  `idUsuario` int(11) DEFAULT NULL,
  `fechaTest` datetime NOT NULL DEFAULT current_timestamp(),
  `idChatIA` varchar(50) NOT NULL,
  `HistorialPreguntas` longtext DEFAULT NULL,
  PRIMARY KEY (`idTest`),
  KEY `FK_test_usuario` (`idUsuario`),
  KEY `FK_test_estadotest` (`idEstadoTest`),
  CONSTRAINT `FK_test_estadotest` FOREIGN KEY (`idEstadoTest`) REFERENCES `estadotest` (`idEstadoTest`) ON DELETE NO ACTION ON UPDATE NO ACTION,
  CONSTRAINT `FK_test_usuario` FOREIGN KEY (`idUsuario`) REFERENCES `usuario` (`idUsuario`) ON DELETE CASCADE ON UPDATE CASCADE
) ENGINE=InnoDB AUTO_INCREMENT=27 DEFAULT CHARSET=utf8mb4 COLLATE=utf8mb4_general_ci;

-- Volcando datos para la tabla ovo.test: ~16 rows (aproximadamente)
INSERT INTO `test` (`idTest`, `idEstadoTest`, `idUsuario`, `fechaTest`, `idChatIA`, `HistorialPreguntas`) VALUES
	(7, 1, NULL, '2025-10-14 14:59:41', '3f3f2986-b789-458d-a1f7-1edfb6aa473a', '["Asistente: Bienvenido al Cuestionario Vocacional. Mi funci贸n es ayudarte a descubrir tus aptitudes y 谩reas de inter茅s. Responde a las siguientes preguntas con sinceridad para obtener un an谩lisis final. Empecemos:\\n\\n**Pregunta 1:** 驴C贸mo te sientes acerca de las habilidades de ventas y la orientaci贸n al cliente?", "Usuario: TODO BEN", "Asistente: Entiendo que \\"TODO BEN\\" puede ser una expresi贸n de entusiasmo o afirmaci贸n. Bas谩ndome en el contexto, interpretar茅 esto como una respuesta positiva y asignare una puntuaci贸n interna de 4 en la escala de 1 a 10.\\n\\n**Pregunta 2:** 驴C贸mo te encuentras en t茅rminos de memoria y atenci贸n?"]'),
	(8, 1, NULL, '2025-10-14 15:50:30', '69269e01-5272-40f8-8ba1-eddddf5e2390', '["Asistente: Bienvenido al Cuestionario Vocacional. Mi funci贸n es ayudarte a descubrir tus aptitudes y 谩reas de inter茅s. Responde a las siguientes preguntas con sinceridad. Empecemos:\\n\\n**Pregunta 1: 驴C贸mo te sientes acerca de las habilidades de ventas y la orientaci贸n al cliente?**\\n\\n(Esperamos tu respuesta)"]'),
	(9, 1, NULL, '2025-10-14 15:51:43', 'f74b85f0-3492-499f-8236-41e67d6d94a2', '["Asistente: Bienvenido al Cuestionario Vocacional. Mi funci贸n es ayudarte a descubrir tus aptitudes y 谩reas de inter茅s. Responde a las siguientes preguntas con sinceridad para obtener un an谩lisis final. Empecemos:\\n\\n**Pregunta 1:** 驴C贸mo te sientes acerca de las habilidades de ventas y la orientaci贸n al cliente?"]'),
	(10, 1, NULL, '2025-10-14 15:54:01', 'b624ceaf-938b-40e7-a37a-a43d939c79af', '["Asistente: Bienvenido al Cuestionario Vocacional. Mi funci贸n es ayudarte a descubrir tus aptitudes y 谩reas de inter茅s. Responde a las siguientes preguntas con sinceridad para obtener un an谩lisis final. Empecemos:\\n\\n**Pregunta 1:** 驴C贸mo te sientes acerca de las habilidades de ventas y la orientaci贸n al cliente?"]'),
	(11, 1, NULL, '2025-10-14 15:55:31', 'c538f813-8540-4137-b1ab-fa5ec2543269', '["Asistente: Bienvenido al Cuestionario Vocacional. Mi funci贸n es ayudarte a descubrir tus aptitudes y 谩reas de inter茅s. Responde a las siguientes preguntas con sinceridad para obtener un an谩lisis final. Empecemos:\\n\\n**Pregunta 1:** 驴C贸mo te sientes acerca de las habilidades de ventas y la orientaci贸n al cliente?"]'),
	(12, 1, NULL, '2025-10-14 15:55:42', '044fb044-743c-4c9d-b5a9-a548e1dd22d4', '["Asistente: Bienvenido al Cuestionario Vocacional. Mi funci贸n es ayudarte a descubrir tus aptitudes y 谩reas de inter茅s. Responde a las siguientes preguntas con sinceridad para obtener un an谩lisis final. Empecemos:\\n\\n**Pregunta 1:** 驴C贸mo te sientes acerca de las habilidades de ventas y la orientaci贸n al cliente?"]'),
	(13, 1, NULL, '2025-10-14 16:00:12', '1ca6e3b7-f491-4ef8-b3eb-0e6c50cb6c5f', '["Asistente: Bienvenido al Cuestionario Vocacional. Mi funci贸n es ayudarte a descubrir tus aptitudes y 谩reas de inter茅s. Responde a las siguientes preguntas con sinceridad para obtener un an谩lisis final. Empecemos:\\n\\n**Pregunta 1:** 驴C贸mo te sientes acerca de las habilidades de ventas y la orientaci贸n al cliente?", "Usuario: Estoy re bien sobre todo en ventas", "Asistente: Gracias por tu respuesta. A continuaci贸n, te presento la siguiente pregunta:\\n\\n**Pregunta 2:** 驴C贸mo te desenvuelves en tareas que requieren memoria y atenci贸n?", "Usuario: mal", "Asistente: Gracias por tu respuesta. A continuaci贸n, te presento la siguiente pregunta:\\n\\n**Pregunta 3:** 驴C贸mo te sientes acerca del trabajo en equipo y la colaboraci贸n?", "Usuario: bien", "Asistente: Gracias por tu respuesta. A continuaci贸n, te presento la siguiente pregunta:\\n\\n**Pregunta 4:** 驴C贸mo te desenvuelves en actividades que requieren creatividad?", "Usuario: excelente", "Asistente: Tus respuestas sugieren fortalezas en ventas y creatividad, con 谩reas de mejora en memoria y atenci贸n."]'),
	(14, 1, NULL, '2025-10-14 16:00:15', '20e1e06b-7c7a-4128-b0f7-45079058dc59', '["Asistente: Bienvenido al Cuestionario Vocacional. Mi funci贸n es ayudarte a descubrir tus aptitudes y 谩reas de inter茅s. Responde a las siguientes preguntas con sinceridad para obtener un an谩lisis final. Empecemos:\\n\\n**Pregunta 1:** 驴C贸mo describir铆as tus habilidades de ventas y orientaci贸n al cliente?"]'),
	(15, 1, NULL, '2025-10-14 16:02:27', '4f25c0c9-9bf5-4b0f-9a8e-761b10ef175f', '["Asistente: Bienvenido al Cuestionario Vocacional. Mi funci贸n es ayudarte a descubrir tus aptitudes y 谩reas de inter茅s. Responde a las siguientes preguntas con sinceridad para obtener un an谩lisis final. Empecemos:\\n\\n**Pregunta 1:** 驴C贸mo te sientes acerca de las habilidades de ventas y la orientaci贸n al cliente?", "Usuario: .", "Asistente: **Pregunta 2:** 驴C贸mo te desempe帽as en tareas que requieren memoria y atenci贸n prolongada?", "Usuario: god", "Asistente: Lo siento, pero no puedo interpretar \\"god\\" como una respuesta v谩lida para medir aptitudes, habilidades o intereses. Por favor, proporciona una respuesta que refleje tu nivel de aptitud o inter茅s en t茅rminos de la escala proporcionada (por ejemplo, \\"me gusta bastante\\", \\"soy bueno\\", \\"tengo experiencia\\"). Gracias. \\n\\n**Pregunta 2:** 驴C贸mo te desempe帽as en tareas que requieren memoria y atenci贸n prolongada?", "Usuario: god", "Asistente: Gracias por tu respuesta, pero \\"god\\" no es una interpretaci贸n v谩lida para medir tus aptitudes o intereses. Por favor, utiliza una respuesta que refleje tu nivel de aptitud o inter茅s en t茅rminos de la escala proporcionada (por ejemplo, \\"me gusta bastante\\", \\"soy bueno\\", \\"tengo experiencia\\"). \\n\\n**Pregunta 2:** 驴C贸mo te desempe帽as en tareas que requieren memoria y atenci贸n prolongada?", "Usuario: soy dios", "Asistente: No se puede determinar una conclusi贸n basada en la respuesta proporcionada."]'),
	(16, 1, NULL, '2025-10-14 16:15:46', '46279cec-dfb5-40ed-992b-d6bf485172f7', '["Asistente: Bienvenido al Cuestionario Vocacional. Mi funci贸n es ayudarte a descubrir tus aptitudes y 谩reas de inter茅s. Responde a las siguientes preguntas con sinceridad para obtener un an谩lisis final. Empecemos:\\n\\n**Pregunta 1:** 驴C贸mo describir铆as tus habilidades de ventas y orientaci贸n al cliente?", "Usuario: None", "Asistente: Entiendo que no tienes una respuesta inmediata. En este caso, interpretar茅 tu falta de respuesta como una puntuaci贸n baja en esa 谩rea. \\n\\n**Pregunta 2:** 驴C贸mo te desenvuelves en tareas que requieren memoria y atenci贸n prolongada?", "Usuario: None", "Asistente: Entiendo que no tienes una respuesta inmediata. En este caso, interpretar茅 tu falta de respuesta como una puntuaci贸n baja en esa 谩rea.\\n\\n**Pregunta 3:** 驴C贸mo te sientes trabajando en equipo y colaborando con otros?", "Usuario: bien", "Asistente: Gracias por tu respuesta. \\"Bien\\" sugiere que tienes una apreciaci贸n moderada en esta 谩rea. \\n\\n**Pregunta 4:** 驴C贸mo describir铆as tu nivel de creatividad en situaciones laborales o de estudio?", "Usuario: None", "Asistente: Tu respuesta no proporciona informaci贸n suficiente para evaluar tu creatividad."]'),
	(17, 1, NULL, '2025-10-14 16:26:52', 'dfe843c8-9960-48c3-8f8e-6a4c7fb21cde', '["Asistente: Bienvenido al Cuestionario Vocacional. Mi funci贸n es ayudarte a descubrir tus aptitudes y 谩reas de inter茅s. Responde a las siguientes preguntas con sinceridad para obtener un an谩lisis final. Empecemos:\\n\\n**Pregunta 1:** 驴C贸mo describir铆as tus habilidades de ventas y orientaci贸n al cliente?", "Usuario: bien", "Asistente: Gracias por tu respuesta. Pasemos a la siguiente pregunta:\\n\\n**Pregunta 2:** 驴C贸mo te desenvuelves en situaciones que requieren una alta capacidad de memoria y atenci贸n?"]'),
	(21, 1, NULL, '2025-10-14 16:32:58', 'e5b93ba3-cdc6-4b02-b330-3ec375bd6655', '["Asistente: Bienvenido al Cuestionario Vocacional. Mi funci贸n es ayudarte a descubrir tus aptitudes y 谩reas de inter茅s. Responde a las siguientes preguntas con sinceridad para obtener un an谩lisis final. Empecemos:\\n\\n**Pregunta 1:** 驴C贸mo describir铆as tus habilidades de ventas y orientaci贸n al cliente?"]'),
	(23, 1, 888, '2025-10-14 16:34:01', 'a9c0afe3-8295-46ed-8b7c-636cc55c89bd', '["Asistente: Bienvenido al Cuestionario Vocacional. Mi funci贸n es ayudarte a descubrir tus aptitudes y 谩reas de inter茅s. Responde a las siguientes preguntas con sinceridad para obtener un an谩lisis final. Empecemos:\\n\\n**Pregunta 1:** 驴C贸mo describir铆as tus habilidades de ventas y orientaci贸n al cliente?", "Usuario: bien", "Asistente: Gracias por tu respuesta. Pasemos a la siguiente pregunta:\\n\\n**Pregunta 2:** 驴C贸mo te desenvuelves en situaciones que requieren una alta capacidad de memoria y atenci贸n?"]'),
	(24, 2, NULL, '2025-10-20 20:52:31', 'd4f47428-1bce-4381-ad55-ca2cb69b34e3', '["Asistente: Bienvenido al Cuestionario Vocacional. Mi funci贸n es ayudarte a descubrir tus aptitudes y 谩reas de inter茅s. Responde a las siguientes preguntas con sinceridad para obtener un an谩lisis final. Empecemos:\\n\\n**Pregunta 1:** 驴C贸mo describir铆as tus habilidades de ventas y orientaci贸n al cliente?", "Usuario: bien", "Asistente: Gracias por tu respuesta. Pasemos a la siguiente pregunta:\\n\\n**Pregunta 2:** 驴C贸mo te desenvuelves en situaciones que requieren una alta capacidad de memoria y atenci贸n?", "Usuario: mal", "Asistente: Gracias por compartir tu opini贸n. Aqu铆 te presento la siguiente pregunta:\\n\\n**Pregunta 3:** 驴C贸mo te sientes respecto al trabajo en equipo y la colaboraci贸n con otros?", "Usuario: re bien", "Asistente: Gracias por tu respuesta. Continuamos con la siguiente pregunta:\\n\\n**Pregunta 4:** 驴C贸mo describir铆as tu nivel de creatividad y capacidad para generar ideas innovadoras?"]'),
	(25, 2, NULL, '2025-10-20 21:05:08', '6ada3d94-81d7-4464-a0db-d6024dcd62cd', '["Asistente: Bienvenido al Cuestionario Vocacional. Mi funci贸n es ayudarte a descubrir tus aptitudes y 谩reas de inter茅s. Responde a las siguientes preguntas con sinceridad para obtener un an谩lisis final. Empecemos:\\n\\n**Pregunta 1:** 驴C贸mo te sientes acerca de las habilidades de ventas y la orientaci贸n al cliente?", "Usuario: bien", "Asistente: Gracias por tu respuesta. Pasemos a la siguiente pregunta:\\n\\n**Pregunta 2:** 驴C贸mo te desenvuelves en tareas que requieren memoria y atenci贸n?", "Usuario: bien", "Asistente: Gracias por tu respuesta. Continuamos con la siguiente pregunta:\\n\\n**Pregunta 3:** 驴C贸mo te sientes acerca del trabajo en equipo y la colaboraci贸n?", "Usuario: bien", "Asistente: Gracias por tu respuesta. Ahora pasamos a la siguiente pregunta:\\n\\n**Pregunta 4:** 驴C贸mo te desenvuelves en actividades creativas?"]'),
	(26, 1, NULL, '2025-10-20 21:16:16', 'aee1f43f-9082-4355-a74f-7b652d468cc0', '["Asistente: Bienvenido al Cuestionario Vocacional. Mi funci贸n es ayudarte a descubrir tus aptitudes y 谩reas de inter茅s. Responde a las siguientes preguntas con sinceridad para obtener un an谩lisis final. Empecemos:\\n\\n**Pregunta 1:** 驴C贸mo describir铆as tus habilidades de ventas y orientaci贸n al cliente?", "Usuario: bien", "Asistente: Gracias por tu respuesta. Pasemos a la siguiente pregunta:\\n\\n**Pregunta 2:** 驴C贸mo te desenvuelves en situaciones que requieren una alta memoria y atenci贸n?"]');

-- Volcando estructura para tabla ovo.testaptitud
CREATE TABLE IF NOT EXISTS `testaptitud` (
  `idResultadoAptitud` int(11) NOT NULL AUTO_INCREMENT,
  `afinidadAptitud` double DEFAULT NULL,
  `idAptitud` int(11) DEFAULT NULL,
  `idTest` int(11) DEFAULT NULL,
  PRIMARY KEY (`idResultadoAptitud`),
  KEY `FK_testaptitud_aptitud` (`idAptitud`),
  KEY `FK_testaptitud_test` (`idTest`),
  CONSTRAINT `FK_testaptitud_aptitud` FOREIGN KEY (`idAptitud`) REFERENCES `aptitud` (`idAptitud`) ON DELETE CASCADE ON UPDATE CASCADE,
  CONSTRAINT `FK_testaptitud_test` FOREIGN KEY (`idTest`) REFERENCES `test` (`idTest`) ON DELETE CASCADE ON UPDATE CASCADE
) ENGINE=InnoDB DEFAULT CHARSET=utf8mb4 COLLATE=utf8mb4_general_ci;

-- Volcando datos para la tabla ovo.testaptitud: ~0 rows (aproximadamente)

-- Volcando estructura para tabla ovo.testcarrerainstitucion
CREATE TABLE IF NOT EXISTS `testcarrerainstitucion` (
  `afinidadCarrera` double DEFAULT NULL,
  `idTest` int(11) DEFAULT NULL,
  `idCarreraInstitucion` int(11) DEFAULT NULL,
  KEY `FK_testcarrerainstitucion_test` (`idTest`),
  KEY `FK_testcarrerainstitucion_carrerainstitucion` (`idCarreraInstitucion`),
  CONSTRAINT `FK_testcarrerainstitucion_carrerainstitucion` FOREIGN KEY (`idCarreraInstitucion`) REFERENCES `carrerainstitucion` (`idCarreraInstitucion`) ON UPDATE CASCADE,
  CONSTRAINT `FK_testcarrerainstitucion_test` FOREIGN KEY (`idTest`) REFERENCES `test` (`idTest`) ON DELETE CASCADE ON UPDATE CASCADE
) ENGINE=InnoDB DEFAULT CHARSET=utf8mb4 COLLATE=utf8mb4_general_ci;

-- Volcando datos para la tabla ovo.testcarrerainstitucion: ~0 rows (aproximadamente)

-- Volcando estructura para tabla ovo.tipoaccion
CREATE TABLE IF NOT EXISTS `tipoaccion` (
  `idTipoAccion` int(11) NOT NULL AUTO_INCREMENT,
  `nombreTipoAccion` varchar(50) DEFAULT NULL,
  PRIMARY KEY (`idTipoAccion`)
) ENGINE=InnoDB AUTO_INCREMENT=4 DEFAULT CHARSET=utf8mb4 COLLATE=utf8mb4_general_ci;

-- Volcando datos para la tabla ovo.tipoaccion: ~2 rows (aproximadamente)
INSERT INTO `tipoaccion` (`idTipoAccion`, `nombreTipoAccion`) VALUES
	(1, 'ACTUALIZACION'),
	(2, 'MODIFICACION');

-- Volcando estructura para tabla ovo.tipocarrera
CREATE TABLE IF NOT EXISTS `tipocarrera` (
  `idTipoCarrera` int(11) NOT NULL AUTO_INCREMENT,
  `nombreTipoCarrera` varchar(50) DEFAULT NULL,
  `fechaFin` datetime DEFAULT NULL,
  PRIMARY KEY (`idTipoCarrera`)
) ENGINE=InnoDB AUTO_INCREMENT=13 DEFAULT CHARSET=utf8mb4 COLLATE=utf8mb4_general_ci;

-- Volcando datos para la tabla ovo.tipocarrera: ~12 rows (aproximadamente)
INSERT INTO `tipocarrera` (`idTipoCarrera`, `nombreTipoCarrera`, `fechaFin`) VALUES
	(1, 'Licenciatura', NULL),
	(2, 'Tecnicatura', NULL),
	(3, 'Profesorado', NULL),
	(4, 'Ingenieria', NULL),
	(5, 'Doctorado', NULL),
	(6, 'Maestria', NULL),
	(7, 'Diplomatura', NULL),
	(8, 'Formacion Profesional', NULL),
	(9, 'Curso Superior', NULL),
	(10, 'Certificacion Tecnica', NULL),
	(11, 'dsa', '2025-09-16 17:05:01'),
	(12, '1111222', '2025-09-16 17:09:38');

-- Volcando estructura para tabla ovo.tipoinstitucion
CREATE TABLE IF NOT EXISTS `tipoinstitucion` (
  `idTipoInstitucion` int(11) NOT NULL AUTO_INCREMENT,
  `nombreTipoInstitucion` varchar(50) DEFAULT NULL,
  `fechaFin` datetime DEFAULT NULL,
  PRIMARY KEY (`idTipoInstitucion`)
) ENGINE=InnoDB AUTO_INCREMENT=6 DEFAULT CHARSET=utf8mb4 COLLATE=utf8mb4_general_ci;

-- Volcando datos para la tabla ovo.tipoinstitucion: ~5 rows (aproximadamente)
INSERT INTO `tipoinstitucion` (`idTipoInstitucion`, `nombreTipoInstitucion`, `fechaFin`) VALUES
	(1, 'Universitaria', '2025-09-09 14:34:50'),
	(2, 'Instituto tecnico', NULL),
	(3, 'Centro de formacion', NULL),
	(4, 'Universidad Privada', NULL),
	(5, 'were', '2025-09-16 17:12:45');

-- Volcando estructura para tabla ovo.usuario
CREATE TABLE IF NOT EXISTS `usuario` (
  `idUsuario` int(11) NOT NULL AUTO_INCREMENT,
  `mail` varchar(50) NOT NULL,
  `dni` int(11) NOT NULL,
  `nombre` varchar(50) NOT NULL,
  `apellido` varchar(50) NOT NULL,
  `contrasena` varchar(50) NOT NULL,
  `fechaNac` date NOT NULL,
  `validationKEY` varchar(50) DEFAULT NULL,
  `idGenero` int(11) NOT NULL,
  `idLocalidad` int(11) DEFAULT NULL,
  PRIMARY KEY (`idUsuario`),
  KEY `FK_usuario_genero` (`idGenero`),
  KEY `FK_usuario_localidad` (`idLocalidad`),
  CONSTRAINT `FK_usuario_genero` FOREIGN KEY (`idGenero`) REFERENCES `genero` (`idGenero`) ON UPDATE CASCADE,
  CONSTRAINT `FK_usuario_localidad` FOREIGN KEY (`idLocalidad`) REFERENCES `localidad` (`idLocalidad`) ON DELETE SET NULL ON UPDATE CASCADE
) ENGINE=InnoDB AUTO_INCREMENT=893 DEFAULT CHARSET=utf8mb4 COLLATE=utf8mb4_general_ci;

-- Volcando datos para la tabla ovo.usuario: ~11 rows (aproximadamente)
INSERT INTO `usuario` (`idUsuario`, `mail`, `dni`, `nombre`, `apellido`, `contrasena`, `fechaNac`, `validationKEY`, `idGenero`, `idLocalidad`) VALUES
	(1, 'm1718c@gmail.com', 12345678, 'Matias', 'Calcagno', 'HnSZzlwAdcOCybWVlw7mGwLX5OwjARun2/LnHUpBn2I=', '2000-05-15', NULL, 1, NULL),
	(27, 'institucion@test.com', 12345679, 'Institucion', 'PRUEBAAAAA', 'HnSZzlwAdcOCybWVlw7mGwLX5OwjARun2/LnHUpBn2I=', '2006-08-22', NULL, 1, NULL),
	(28, 'estudiante@test.com', 12345678, 'Estudiante', 'Prueba', 'HnSZzlwAdcOCybWVlw7mGwLX5OwjARun2/LnHUpBn2I=', '1991-08-26', NULL, 1, NULL),
	(32, 'aaai@gmail.com', 44555332, 'PEPE', 'EPEP', 'HWlT1prkc2TpdyBqIYcybsqcUyRgHlnDBT3tM4UK5y4=', '2004-03-31', NULL, 2, NULL),
	(35, 'facundokarake2@gmail.com', 12345678, 'facundo', 'karake', 'EHToordTHSmP0bQ4GU5OlgWZZGaA4PjDZbWRIKWiUnk=', '2025-09-16', NULL, 1, NULL),
	(40, 'FASIDFJAO@FMAI.COM', 1231, 'FACUNDO NAHUEL', 'MARTI', 'GByCUv2HSsnhLVraa4BDQ+XHnkxv3jeUBkZ2+I4jprE=', '2025-10-07', NULL, 1, 3116),
	(41, 'nataliacaceres91+ovo-test-1@gmail.com', 33333333, 'ovo test', 'test 1', 'ra9OYsFLwy+oHUvVLU9asunH/fz9ui496zfxhZFRu/A=', '2000-01-01', 'd2cf6317-351e-4160-a8a4-e7d00f49d8a5', 2, 3859),
	(888, 'm1718c2@gmail.com', 12312312, 'Matias Calcagno', '2pp', 'HnSZzlwAdcOCybWVlw7mGwLX5OwjARun2/LnHUpBn2I=', '2002-09-28', '31aee823-2b5b-43f4-9d3b-bd095168d5cc', 1, NULL),
	(890, 'ignaciobufarini@gmail.com', 0, 'Usuario-HOLA SOY UNA INSTITUCION', 'AutoCreado', 'X7ek5NQlCugVl9WUq0vhRCMaC4VkkisJvnRFIsBuiQ8=', '1990-01-01', NULL, 1, 92),
	(891, 'a1@gmail.com', 42506000, 'a', '1', 'r+YHS2kFy4/dcHlbNHeafv62uiYnGrilxS9kdZ70EIQ=', '1111-03-21', NULL, 1, 1590),
	(892, 'a2@yopmail.com', 11111111, 'a', '2', 'MTMWH24ZYyq9lzjJJ8v2gapuXvEZ8GsKXS/3zNydEZk=', '1855-01-22', NULL, 1, 2527);

-- Volcando estructura para tabla ovo.usuarioestado
CREATE TABLE IF NOT EXISTS `usuarioestado` (
  `idUsuarioEstado` int(11) NOT NULL AUTO_INCREMENT,
  `fechaInicio` datetime NOT NULL DEFAULT current_timestamp(),
  `fechaFin` datetime DEFAULT NULL,
  `idEstadoUsuario` int(11) NOT NULL,
  `idUsuario` int(11) NOT NULL,
  PRIMARY KEY (`idUsuarioEstado`),
  KEY `FK_usuarioestado_estadousuario` (`idEstadoUsuario`),
  KEY `FK_usuarioestado_usuario` (`idUsuario`),
  CONSTRAINT `FK_usuarioestado_estadousuario` FOREIGN KEY (`idEstadoUsuario`) REFERENCES `estadousuario` (`idEstadoUsuario`) ON DELETE CASCADE ON UPDATE CASCADE,
  CONSTRAINT `FK_usuarioestado_usuario` FOREIGN KEY (`idUsuario`) REFERENCES `usuario` (`idUsuario`) ON DELETE CASCADE ON UPDATE CASCADE
) ENGINE=InnoDB AUTO_INCREMENT=96 DEFAULT CHARSET=utf8mb4 COLLATE=utf8mb4_general_ci;

-- Volcando datos para la tabla ovo.usuarioestado: ~43 rows (aproximadamente)
INSERT INTO `usuarioestado` (`idUsuarioEstado`, `fechaInicio`, `fechaFin`, `idEstadoUsuario`, `idUsuario`) VALUES
	(7, '2025-09-14 16:57:49', '2025-09-14 21:45:41', 1, 1),
	(19, '2025-09-14 21:55:36', '2025-09-14 18:57:17', 3, 1),
	(20, '2025-09-14 21:56:01', NULL, 1, 1),
	(22, '2025-09-16 12:55:30', '2025-09-16 13:50:22', 1, 27),
	(23, '2025-09-16 12:55:34', '2025-09-16 18:54:17', 1, 28),
	(24, '2025-09-16 13:50:22', '2025-09-16 13:50:24', 2, 27),
	(25, '2025-09-16 13:50:24', '2025-09-16 13:50:24', 2, 27),
	(26, '2025-09-16 13:50:24', '2025-09-16 15:22:53', 2, 27),
	(28, '2025-09-16 14:31:53', '2025-09-16 18:49:23', 4, 888),
	(38, '2025-09-16 14:43:35', '2025-09-16 18:49:23', 1, 888),
	(44, '2025-09-16 15:22:53', '2025-09-16 17:51:23', 4, 27),
	(47, '2025-09-16 15:33:57', '2025-10-07 20:05:13', 1, 32),
	(53, '2025-09-16 17:51:23', '2025-09-16 17:52:57', 1, 27),
	(54, '2025-09-16 17:52:57', '2025-09-16 18:21:54', 4, 27),
	(55, '2025-09-16 18:21:54', NULL, 1, 27),
	(56, '2025-09-16 18:48:59', '2025-09-16 18:49:23', 1, 888),
	(57, '2025-09-16 18:49:23', '2025-09-16 19:09:02', 1, 888),
	(60, '2025-09-16 18:54:17', '2025-09-16 18:56:28', 3, 28),
	(61, '2025-09-16 18:56:28', '2025-09-16 18:56:29', 1, 28),
	(62, '2025-09-16 18:56:29', '2025-09-16 19:21:32', 1, 28),
	(65, '2025-09-16 19:09:02', '2025-10-14 15:02:19', 3, 888),
	(66, '2025-09-16 19:10:02', '2025-10-07 19:55:02', 1, 35),
	(68, '2025-09-16 19:21:32', '2025-10-07 19:22:54', 3, 28),
	(69, '2025-10-07 19:22:54', NULL, 1, 28),
	(71, '2025-10-07 19:55:02', '2025-10-07 20:06:08', 1, 35),
	(72, '2025-10-07 20:00:27', NULL, 1, 40),
	(73, '2025-10-07 20:05:13', '2025-10-07 20:05:20', 3, 32),
	(74, '2025-10-07 20:05:20', '2025-10-07 20:05:27', 1, 32),
	(75, '2025-10-07 20:05:27', '2025-10-07 20:05:32', 3, 32),
	(76, '2025-10-07 20:05:32', NULL, 1, 32),
	(77, '2025-10-07 20:06:08', NULL, 1, 35),
	(78, '2025-10-13 16:32:16', '2025-10-13 16:36:18', 4, 41),
	(79, '2025-10-13 16:36:06', '2025-10-13 16:36:18', 1, 41),
	(80, '2025-10-13 16:36:18', NULL, 1, 41),
	(82, '2025-10-14 15:02:19', '2025-10-14 18:42:08', 1, 888),
	(87, '2025-10-14 18:42:08', NULL, 1, 888),
	(89, '2025-10-14 20:35:08', NULL, 1, 890),
	(90, '2025-10-20 21:24:44', '2025-10-20 21:24:58', 1, 891),
	(91, '2025-10-20 21:24:58', '2025-10-20 21:43:51', 3, 891),
	(92, '2025-10-20 21:43:51', '2025-10-20 21:43:51', 3, 891),
	(93, '2025-10-20 21:43:51', '2025-10-20 21:55:55', 3, 891),
	(94, '2025-10-20 21:45:16', NULL, 1, 892),
	(95, '2025-10-20 21:55:55', NULL, 1, 891);

-- Volcando estructura para tabla ovo.usuariogrupo
CREATE TABLE IF NOT EXISTS `usuariogrupo` (
  `idUsuarioGrupo` int(11) NOT NULL AUTO_INCREMENT,
  `idUsuario` int(11) NOT NULL,
  `idGrupo` int(11) NOT NULL,
  `fechaInicio` datetime NOT NULL DEFAULT current_timestamp(),
  `fechaFin` datetime DEFAULT NULL,
  PRIMARY KEY (`idUsuarioGrupo`),
  KEY `FK_usuariogrupo_grupo` (`idGrupo`),
  KEY `FK_usuariogrupo_usuario` (`idUsuario`),
  CONSTRAINT `FK_usuariogrupo_grupo` FOREIGN KEY (`idGrupo`) REFERENCES `grupo` (`idGrupo`) ON UPDATE CASCADE,
  CONSTRAINT `FK_usuariogrupo_usuario` FOREIGN KEY (`idUsuario`) REFERENCES `usuario` (`idUsuario`) ON DELETE CASCADE ON UPDATE CASCADE
) ENGINE=InnoDB AUTO_INCREMENT=78 DEFAULT CHARSET=utf8mb4 COLLATE=utf8mb4_general_ci;

-- Volcando datos para la tabla ovo.usuariogrupo: ~29 rows (aproximadamente)
INSERT INTO `usuariogrupo` (`idUsuarioGrupo`, `idUsuario`, `idGrupo`, `fechaInicio`, `fechaFin`) VALUES
	(15, 1, 1, '2025-09-14 21:16:24', NULL),
	(17, 28, 3, '2025-09-12 12:51:28', '2025-09-16 18:56:28'),
	(18, 27, 4, '2025-09-16 12:52:03', '2025-09-16 15:19:13'),
	(20, 888, 3, '2025-09-16 14:31:53', '2025-09-16 19:09:02'),
	(29, 27, 4, '2025-09-16 15:19:13', '2025-09-16 15:22:53'),
	(32, 27, 4, '2025-09-16 15:22:53', '2025-09-16 17:51:23'),
	(45, 27, 4, '2025-09-16 17:51:23', '2025-09-16 17:52:57'),
	(46, 27, 4, '2025-09-16 17:52:57', '2025-09-16 18:21:54'),
	(47, 27, 4, '2025-09-16 18:21:54', NULL),
	(49, 28, 3, '2025-09-16 18:56:28', '2025-09-16 18:56:29'),
	(50, 28, 3, '2025-09-16 18:56:29', '2025-10-07 19:22:54'),
	(52, 888, 3, '2025-09-16 19:09:02', '2025-10-14 15:02:19'),
	(54, 28, 3, '2025-10-07 19:22:54', NULL),
	(57, 35, 6, '2025-10-07 19:55:02', '2025-10-07 20:06:08'),
	(58, 35, 3, '2025-10-07 19:55:02', '2025-10-07 20:06:08'),
	(59, 35, 5, '2025-10-07 19:55:02', '2025-10-07 20:06:08'),
	(60, 35, 3, '2025-10-07 20:06:08', NULL),
	(61, 35, 5, '2025-10-07 20:06:08', NULL),
	(62, 41, 3, '2025-10-13 16:32:16', NULL),
	(64, 888, 3, '2025-10-14 15:02:19', '2025-10-14 18:42:08'),
	(65, 888, 4, '2025-10-14 18:20:15', '2025-10-14 18:42:08'),
	(69, 888, 3, '2025-10-14 18:42:08', NULL),
	(71, 890, 4, '2025-10-14 20:35:08', NULL),
	(72, 891, 1, '2025-10-20 21:55:55', NULL),
	(73, 891, 2, '2025-10-20 21:55:55', NULL),
	(74, 891, 6, '2025-10-20 21:55:55', NULL),
	(75, 891, 3, '2025-10-20 21:55:55', NULL),
	(76, 891, 4, '2025-10-20 21:55:55', NULL),
	(77, 891, 5, '2025-10-20 21:55:55', NULL);

-- Volcando estructura para tabla ovo.usuariopermiso
CREATE TABLE IF NOT EXISTS `usuariopermiso` (
  `idUsuarioPermiso` int(11) NOT NULL AUTO_INCREMENT,
  `idUsuario` int(11) NOT NULL,
  `idPermiso` int(11) NOT NULL,
  `fechaInicio` datetime NOT NULL DEFAULT current_timestamp(),
  `fechaFin` datetime DEFAULT NULL,
  PRIMARY KEY (`idUsuarioPermiso`),
  KEY `FK_usuariopermiso_permiso` (`idPermiso`),
  KEY `FK_usuariopermiso_usuario` (`idUsuario`),
  CONSTRAINT `FK_usuariopermiso_permiso` FOREIGN KEY (`idPermiso`) REFERENCES `permiso` (`idPermiso`) ON DELETE CASCADE ON UPDATE CASCADE,
  CONSTRAINT `FK_usuariopermiso_usuario` FOREIGN KEY (`idUsuario`) REFERENCES `usuario` (`idUsuario`) ON DELETE CASCADE ON UPDATE CASCADE
) ENGINE=InnoDB AUTO_INCREMENT=10 DEFAULT CHARSET=utf8mb4 COLLATE=utf8mb4_general_ci;

-- Volcando datos para la tabla ovo.usuariopermiso: ~0 rows (aproximadamente)

/*!40103 SET TIME_ZONE=IFNULL(@OLD_TIME_ZONE, 'system') */;
/*!40101 SET SQL_MODE=IFNULL(@OLD_SQL_MODE, '') */;
/*!40014 SET FOREIGN_KEY_CHECKS=IFNULL(@OLD_FOREIGN_KEY_CHECKS, 1) */;
/*!40101 SET CHARACTER_SET_CLIENT=@OLD_CHARACTER_SET_CLIENT */;
/*!40111 SET SQL_NOTES=IFNULL(@OLD_SQL_NOTES, 1) */;
